journalName,totalPapers,repoPapers,pctRepoPapers
3_Biotech,636,32,5.03145
3D_Print_Med,37,1,2.7027
AAPS_J,56,2,3.57143
Acad_Pathol,134,2,1.49254
Acc_Chem_Res,138,1,0.724638
ACS_Appl_Mater_Interfaces,278,2,0.719424
ACS_Biomater_Sci_Eng,47,1,2.12766
ACS_Cent_Sci,793,2,0.252207
ACS_Chem_Biol,351,13,3.7037
ACS_Chem_Neurosci,102,1,0.980392
ACS_Infect_Dis,61,6,9.83607
ACS_Nano,441,10,2.26757
ACS_Omega,989,17,1.71891
ACS_Sens,22,1,4.54545
ACS_Synth_Biol,107,7,6.54206
Acta_Biochim_Biophys_Sin_(Shanghai),7,0,0
Acta_Biomater,50,2,4
Acta_Cir_Bras,47,1,2.12766
Acta_Crystallogr_D_Biol_Crystallogr,504,14,2.77778
Acta_Crystallogr_D_Struct_Biol,213,3,1.40845
Acta_Crystallogr_F_Struct_Biol_Commun,172,20,11.6279
Acta_Crystallogr_Sect_F_Struct_Biol_Cryst_Commun,242,25,10.3306
Acta_Diabetol,105,1,0.952381
Acta_Histochem_Cytochem,331,12,3.62538
Acta_Med_Litu,80,1,1.25
Acta_Naturae,471,34,7.21868
Acta_Neuropathol,427,49,11.4754
Acta_Neuropathol_Commun,807,95,11.772
Acta_Ophthalmol,87,1,1.14943
Acta_Orthop,1303,5,0.38373
Acta_Orthop_Traumatol_Turc,301,2,0.664452
Acta_Ortop_Bras,484,1,0.206612
Acta_Otorhinolaryngol_Ital,585,1,0.17094
Acta_Paediatr,176,1,0.568182
Acta_Pharmacol_Sin,72,7,9.72222
Acta_Pharm_Sin_B,425,23,5.41176
Acta_Physiol_(Oxf),50,0,0
Acta_Theriol_(Warsz),28,0,0
Acta_Trop,24,1,4.16667
Acta_Vet_Scand,1194,18,1.50754
Addict_Behav_Rep,192,5,2.60417
Addict_Biol,38,2,5.26316
Addiction,226,1,0.442478
Addict_Sci_Clin_Pract,582,2,0.343643
Adipocyte,141,9,6.38298
Adv_Appl_Bioinforma_Chem,35,3,8.57143
Adv_Appl_Bioinform_Chem,31,2,6.45161
Adv_Bioinformatics,180,13,7.22222
Adv_Biomed_Res,1276,12,0.940439
Adv_Biosci_Biotechnol,8,1,12.5
Adv_Hematol,272,3,1.10294
Adv_Med,97,2,2.06186
Adv_Microbiol,2,1,50
Adv_Mod_Oncol_Res,1,1,100
Adv_Pediatr_Res,6,1,16.6667
Adv_Pharmacol_Sci,205,5,2.43902
Adv_Pharm_Bull,182,2,1.0989
Adv_Prev_Med,140,3,2.14286
Adv_Radiat_Oncol,280,2,0.714286
Adv_Sci_(Weinh),1417,0,0
Adv_Urol,435,4,0.91954
Adv_Virol,155,8,5.16129
Aerobiologia_(Bologna),48,0,0
Afr_Health_Sci,284,6,2.11268
Afr_J_Infect_Dis,89,1,1.1236
Afr_J_Lab_Med,190,6,3.15789
Afr_J_Prim_Health_Care_Fam_Med,546,1,0.18315
Afr_J_Tradit_Complement_Altern_Med,229,2,0.873362
Age_Ageing,184,4,2.17391
Age_(Dordr),116,0,0
Aging_(Albany_NY),2022,0,0
Aging_Cell,885,111,12.5424
Aging_Clin_Exp_Res,80,2,2.5
Aging_Dis,263,9,3.42205
AIDS,281,2,0.711744
AIDS_Behav,246,6,2.43902
AIDS_Res_Hum_Retroviruses,56,1,1.78571
AIDS_Res_Ther,521,8,1.53551
AIDS_Res_Treat,277,3,1.08303
AIMS_Biophys,15,1,6.66667
AIMS_Genet,5,1,20
AIMS_Microbiol,100,10,10
Air_Qual_Atmos_Health,83,1,1.20482
Alcohol_Clin_Exp_Res,52,1,1.92308
Algorithms_Mol_Biol,347,31,8.93372
Aliment_Pharmacol_Ther,120,1,0.833333
Allergy,162,3,1.85185
Allergy_Asthma_Clin_Immunol,890,5,0.561798
Allergy_Asthma_Immunol_Res,690,11,1.5942
Alzheimers_Dement,44,1,2.27273
Alzheimers_Dement_(Amst),342,0,0
Alzheimers_Dement_(N_Y),237,0,0
Alzheimers_Res_Ther,708,37,5.22599
AMB_Express,996,214,21.4859
Ambio,350,1,0.285714
AMIA_Jt_Summits_Transl_Sci_Proc,383,25,6.52742
Amino_Acids,161,4,2.48447
Am_J_Clin_Nutr,239,2,0.83682
Am_J_Clin_Pathol,20,1,5
Am_J_Epidemiol,278,2,0.719424
Am_J_Hum_Genet,56,11,19.6429
Am_J_Hypertens,41,1,2.43902
Am_J_Pathol,29,3,10.3448
Am_J_Phys_Anthropol,37,1,2.7027
Am_J_Physiol_Cell_Physiol,30,3,10
Am_J_Physiol_Endocrinol_Metab,36,6,16.6667
Am_J_Physiol_Gastrointest_Liver_Physiol,36,4,11.1111
Am_J_Physiol_Heart_Circ_Physiol,59,1,1.69492
Am_J_Physiol_Lung_Cell_Mol_Physiol,39,2,5.12821
Am_J_Physiol_Regul_Integr_Comp_Physiol,29,2,6.89655
Am_J_Physiol_Renal_Physiol,24,2,8.33333
Am_J_Reprod_Immunol,25,1,4
Am_J_Respir_Crit_Care_Med,107,1,0.934579
Am_J_Surg_Pathol,25,1,4
Am_J_Transplant,122,4,3.27869
Am_J_Trop_Med_Hyg,1395,15,1.07527
Anaerobe,6,1,16.6667
Anal_Bioanal_Chem,602,9,1.49502
Anal_Biochem,32,1,3.125
Anal_Cell_Pathol_(Amst),289,0,0
Anal_Chem,543,8,1.4733
Anal_Chem_Insights,110,1,0.909091
Anat_Cell_Biol,422,2,0.473934
Anatol_J_Cardiol,1201,3,0.249792
An_Bras_Dermatol,1524,2,0.131234
Andrology,24,1,4.16667
Anemia,143,2,1.3986
Angew_Chem_Int_Ed_Engl,1227,1,0.0814996
Angiogenesis,110,11,10
Animal,57,1,1.75439
Animal_Model_Exp_Med,56,4,7.14286
Animals_(Basel),1082,0,0
Anim_Cells_Syst_(Seoul),103,0,0
Anim_Genet,70,5,7.14286
Anim_Nutr,270,8,2.96296
Anim_Sci_J,53,2,3.77358
Ann_Appl_Biol,10,1,10
Ann_Biomed_Eng,212,1,0.471698
Ann_Bot,164,14,8.53659
Ann_Clin_Microbiol_Antimicrob,636,46,7.2327
Ann_Clin_Transl_Neurol,764,21,2.74869
Ann_Dermatol,1296,5,0.385802
Ann_Entomol_Soc_Am,6,1,16.6667
Ann_Gastroenterol,894,3,0.33557
Ann_Gastroenterol_Surg,130,2,1.53846
Ann_Gen_Hosp_Psychiatry,29,2,6.89655
Ann_Gen_Psychiatry,735,10,1.36054
Ann_Hematol,251,3,1.19522
Ann_Hepatobiliary_Pancreat_Surg,148,1,0.675676
Ann_Intensive_Care,713,2,0.280505
Ann_Lab_Med,814,13,1.59705
Ann_Med,23,1,4.34783
Ann_Neurol,195,12,6.15385
Ann_Neurosci,298,1,0.33557
Ann_Nucl_Med,111,1,0.900901
Ann_Oncol,359,23,6.40669
Ann_Rehabil_Med,1072,1,0.0932836
Ann_Rheum_Dis,754,15,1.98939
Ann_Saudi_Med,1697,1,0.0589275
Ann_Surg_Oncol,468,5,1.06838
Ann_Surg_Treat_Res,604,2,0.331126
Antibiotics_(Basel),393,0,0
Antib_Ther,4,1,25
Anticancer_Drugs,54,4,7.40741
Antiinflamm_Antiallergy_Agents_Med_Chem,6,1,16.6667
Antimicrob_Agents_Chemother,512,50,9.76562
Antimicrob_Resist_Infect_Control,1510,21,1.39073
Antioxidants_(Basel),680,0,0
Antioxid_Redox_Signal,96,13,13.5417
Antiviral_Res,30,2,6.66667
Antonie_Van_Leeuwenhoek,101,16,15.8416
AoB_Plants,674,40,5.93472
APL_Bioeng,69,4,5.7971
APMIS,25,1,4
Apoptosis,91,6,6.59341
Appl,9,1,11.1111
Appl_Biochem_Biotechnol,73,4,5.47945
Appl_Econ,3,1,33.3333
Appl_Entomol_Zool,1,1,100
Appl_Environ_Microbiol,296,124,41.8919
Appl_Immunohistochem_Mol_Morphol,33,1,3.0303
Appl_Microbiol_Biotechnol,528,87,16.4773
Appl_Nanosci,3,1,33.3333
Appl_Netw_Sci,100,1,1
Appl_Plant_Sci,641,378,58.9704
Appl_Soil_Ecol,7,1,14.2857
Appl_Transl_Genom,121,8,6.61157
Aquaculture,6,1,16.6667
Aquat_Biosyst,67,1,1.49254
Archaea,191,25,13.089
Arch_Biochem_Biophys,30,2,6.66667
Arch_Dermatol_Res,103,3,2.91262
Arch_Gynecol_Obstet,181,3,1.65746
Arch_Immunol_Ther_Exp_(Warsz),174,0,0
Arch_Med_Sci,1673,20,1.19546
Arch_Microbiol,66,6,9.09091
Arch_Osteoporos,115,1,0.869565
Arch_Pharm_Res,32,3,9.375
Arch_Toxicol,234,21,8.97436
Arch_Virol,188,19,10.1064
Arq_Bras_Cardiol,1270,2,0.15748
Arq_Bras_Cir_Dig,496,1,0.201613
Arterioscler_Thromb_Vasc_Biol,90,8,8.88889
Arthritis,125,2,1.6
Arthritis_Res,594,1,0.16835
Arthritis_Res_Ther,5432,225,4.14212
Arthritis_Rheum,60,6,10
Arthritis_Rheumatol,202,17,8.41584
Artif_DNA_PNA_XNA,19,1,5.26316
ARYA_Atheroscler,416,1,0.240385
Asian-Australas_J_Anim_Sci,1711,86,5.0263
Asian_J_Androl,920,16,1.73913
Asian_J_Urol,229,6,2.62009
Asian_Pac_J_Cancer_Prev,1203,32,2.66002
Asian_Spine_J,1046,1,0.0956023
ASN_Neuro,279,26,9.319
Atherosclerosis,76,4,5.26316
Autoimmune_Dis,218,4,1.83486
Auto_Immun_Highlights,108,1,0.925926
Autoimmunity,9,2,22.2222
Autophagy,335,52,15.5224
Avicenna_J_Med_Biotechnol,366,43,11.7486
Avicenna_J_Phytomed,398,2,0.502513
Bacteriophage,86,3,3.48837
Balkan_J_Med_Genet,205,2,0.97561
Basic_Clin_Androl,104,2,1.92308
Basic_Clin_Neurosci,277,4,1.44404
Basic_Clin_Pharmacol_Toxicol,15,2,13.3333
Basic_Res_Cardiol,143,8,5.59441
BBA_Clin,160,9,5.625
Behav_Brain_Funct,642,7,1.09034
Behav_Brain_Res,59,2,3.38983
Behav_Ecol_Sociobiol,170,2,1.17647
Behav_Genet,121,2,1.65289
Behav_Neurol,748,3,0.40107
Behav_Res_Methods,141,1,0.70922
Behav_Sci_(Basel),421,0,0
Beilstein_J_Nanotechnol,1742,2,0.114811
Beilstein_J_Org_Chem,2799,10,0.35727
Best_Pract_Res_Clin_Gastroenterol,3,1,33.3333
Big_Data,22,1,4.54545
Bioact_Mater,119,1,0.840336
Bioanal_Rev,5,1,20
Bioanalysis,4,1,25
Biocatal_Biotransformation,2,1,50
Biochem_Biophys_Rep,651,54,8.29493
Biochem_Biophys_Res_Commun,131,14,10.687
Biochem_Eng_J,5,1,20
Biochem_Genet,15,2,13.3333
Biochem_Insights,29,2,6.89655
Biochemistry,904,32,3.53982
Biochem_J,592,65,10.9797
Biochem_Pharmacol,58,3,5.17241
Biochem_Res_Int,256,6,2.34375
Biochem_Soc_Trans,202,1,0.49505
Biochim_Biophys_Acta,304,32,10.5263
Biochim_Biophys_Acta_Gene_Regul_Mech,6,1,16.6667
Biochim_Biophys_Acta_Mol_Cell_Res,8,1,12.5
Biochimie,39,2,5.12821
Biochim_Open,52,4,7.69231
Bioconjug_Chem,172,3,1.74419
BioData_Min,302,63,20.8609
Biodegradation,22,3,13.6364
Biodivers_Data_J,576,10,1.73611
Bioengineered,127,5,3.93701
Bioengineering_(Basel),284,0,0
Bioeng_Transl_Med,115,3,2.6087
Bioessays,137,2,1.45985
Biofouling,10,1,10
Biogerontology,104,6,5.76923
Bioimpacts,175,10,5.71429
Bioinformatics,3000,371,12.3667
Bioinformation,1627,51,3.1346
Bioinform_Biol_Insights,246,47,19.1057
Bioinorg_Chem_Appl,480,5,1.04167
Biol_Bull,1,1,100
Biol_Cell,20,7,35
Biol_Direct,627,62,9.88836
Biol_Invasions,14,2,14.2857
Biol_Lett,316,2,0.632911
Biol_Methods_Protoc,4,3,75
Biologicals,5,1,20
Biologics,400,3,0.75
Biology_(Basel),415,0,0
Biol_Open,1427,173,12.1233
Biol_Proced_Online,310,35,11.2903
Biol_Psychiatry,115,5,4.34783
Biol_Reprod,131,22,16.7939
Biol_Res,328,45,13.7195
Biol_Rhythm_Res,2,1,50
Biol_Sex_Differ,322,31,9.62733
Biol_Sport,333,2,0.600601
Biol_Trace_Elem_Res,179,5,2.7933
Biomark_Cancer,92,7,7.6087
Biomarkers,27,1,3.7037
Biomark_Insights,318,14,4.40252
Biomark_Res,199,16,8.0402
Biomaterials,57,2,3.50877
Biomater_Res,154,1,0.649351
Biomatter,99,1,1.0101
Biomed_Eng_Comput_Biol,31,1,3.22581
Biomed_Eng_Online,1664,9,0.540865
Biomed_Genet_Genom,1,1,100
Biomedicines,284,13,4.57746
Biomedicine_(Taipei),141,0,0
Biomed_Inform_Insights,83,3,3.61446
Biomed_J,196,2,1.02041
Biomed_Opt_Express,1005,2,0.199005
Biomed_Rep,214,11,5.14019
Biomed_Res_Int,16340,948,5.80171
Biometals,65,3,4.61538
Biometrika,47,1,2.12766
Biomol_Detect_Quantif,88,12,13.6364
Biomolecules,869,56,6.44419
Biomol_NMR_Assign,75,1,1.33333
Biomol_Ther_(Seoul),597,0,0
Biophysics_(Nagoya-shi),129,0,0
Biophys_J,127,1,0.787402
Biophys_Rep,70,3,4.28571
Biophys_Rev,72,5,6.94444
Biopolymers,29,2,6.89655
Biopreserv_Biobank,44,2,4.54545
Bioprocess_Biosyst_Eng,58,2,3.44828
Bio_Protoc,35,3,8.57143
Biopsychosoc_Med,293,1,0.341297
Biores_Open_Access,276,10,3.62319
Bioresour_Bioprocess,40,5,12.5
Biosci_Microbiota_Food_Health,128,13,10.1562
Biosci_Rep,1840,277,15.0543
Biosensors_(Basel),490,0,0
Biostatistics,62,3,4.83871
Biotechnol_Bioeng,111,6,5.40541
Biotechnol_Biofuels,1920,331,17.2396
Biotechnol_Biotechnol_Equip,225,18,8
Biotechnol_J,71,6,8.4507
Biotechnol_Lett,84,7,8.33333
Biotechnol_Prog,48,2,4.16667
Biotechnol_Rep_(Amst),355,0,0
Biotechnol_Res_Int,127,4,3.14961
Birth_Defects_Res_A_Clin_Mol_Teratol,15,1,6.66667
BIT_Numer_Math,4,1,25
BJU_Int,40,1,2.5
Bladder_Cancer,126,15,11.9048
Bl_Cancer,47,5,10.6383
Blood,30,1,3.33333
Blood_Cancer_J,832,66,7.93269
Blood_Coagul_Fibrinolysis,43,1,2.32558
Blood_Res,468,2,0.42735
BMB_Rep,742,54,7.27763
BMC_Anesthesiol,1176,4,0.340136
BMC_Biochem,554,70,12.6354
BMC_Bioinformatics,9464,1293,13.6623
BMC_Biol,1450,233,16.069
BMC_Biophys,104,1,0.961538
BMC_Biotechnol,1435,336,23.4146
BMC_Blood_Disord,62,1,1.6129
BMC_Cancer,10154,1131,11.1385
BMC_Cardiovasc_Disord,2014,17,0.844091
BMC_Cell_Biol,876,121,13.8128
BMC_Clin_Pathol,285,8,2.80702
BMC_Complement_Altern_Med,4201,113,2.68984
BMC_Dermatol,247,6,2.42915
BMC_Dev_Biol,953,194,20.3568
BMC_Ear_Nose_Throat_Disord,171,2,1.16959
BMC_Ecol,514,17,3.30739
BMC_Emerg_Med,476,1,0.210084
BMC_Endocr_Disord,718,14,1.94986
BMC_Evol_Biol,3985,354,8.88331
BMC_Fam_Pract,1982,17,0.857719
BMC_Gastroenterol,2076,45,2.16763
BMC_Genet,1986,227,11.43
BMC_Genomics,12236,5477,44.7614
BMC_Geriatr,2291,121,5.28154
BMC_Health_Serv_Res,7479,33,0.441235
BMC_Hematol,148,1,0.675676
BMC_Immunol,862,89,10.3248
BMC_Infect_Dis,7752,203,2.61868
BMC_Int_Health_Hum_Rights,485,1,0.206186
BMC_Med,2284,56,2.45184
BMC_Med_Educ,2557,1,0.0391083
BMC_Med_Ethics,725,4,0.551724
BMC_Med_Genet,2015,141,6.99752
BMC_Med_Genomics,1048,465,44.3702
BMC_Med_Imaging,561,2,0.356506
BMC_Med_Inform_Decis_Mak,1664,13,0.78125
BMC_Med_Res_Methodol,1973,6,0.304105
BMC_Microbiol,3715,978,26.3257
BMC_Mol_Biol,833,265,31.8127
BMC_Mol_Cell_Biol,24,3,12.5
BMC_Musculoskelet_Disord,4727,60,1.2693
BMC_Nephrol,2369,32,1.35078
BMC_Neurol,2332,59,2.53002
BMC_Neurosci,3934,124,3.15201
BMC_Nurs,523,8,1.52964
BMC_Obes,235,3,1.2766
BMC_Ophthalmol,1711,14,0.818235
BMC_Oral_Health,1364,16,1.17302
BMC_Palliat_Care,693,4,0.577201
BMC_Pediatr,2553,9,0.352526
BMC_Pharmacol,673,13,1.93165
BMC_Pharmacol_Toxicol,792,14,1.76768
BMC_Physiol,254,26,10.2362
BMC_Plant_Biol,3353,1069,31.8819
BMC_Pregnancy_Childbirth,3306,9,0.272232
BMC_Proc,3303,11,0.333031
BMC_Psychiatry,3717,53,1.42588
BMC_Psychol,323,4,1.23839
BMC_Public_Health,13541,50,0.369249
BMC_Pulm_Med,1556,33,2.12082
BMC_Res_Notes,7033,406,5.77279
BMC_Sports_Sci_Med_Rehabil,221,1,0.452489
BMC_Struct_Biol,581,28,4.81928
BMC_Syst_Biol,1957,320,16.3516
BMC_Urol,907,21,2.31533
BMC_Vet_Res,2827,246,8.7018
BMC_Womens_Health,1160,9,0.775862
BMJ,2569,5,0.194628
BMJ_Open,14034,62,0.441784
BMJ_Open_Diabetes_Res_Care,376,1,0.265957
BMJ_Open_Gastroenterol,196,7,3.57143
BMJ_Open_Respir_Res,270,3,1.11111
BMJ_Paediatr_Open,225,1,0.444444
Bone,74,1,1.35135
Bone_Joint_Res,445,15,3.37079
Bone_Marrow_Res,77,2,2.5974
Bone_Rep,211,7,3.31754
Bone_Res,155,15,9.67742
Bot_Stud,319,27,8.46395
Brain,717,33,4.60251
Brain_Behav,1298,14,1.07858
Brain_Behav_Immun,53,4,7.54717
Brain_Imaging_Behav,76,1,1.31579
Brain_Inform,96,1,1.04167
Brain_Neurosci_Adv,15,1,6.66667
Brain_Sci,784,13,1.65816
Brain_Struct_Funct,322,9,2.79503
Brain_Topogr,88,1,1.13636
Brain_Tumor_Res_Treat,159,1,0.628931
Braz_J_Med_Biol_Res,1213,54,4.45177
Braz_J_Microbiol,1817,115,6.32911
Breast_Cancer_(Auckl),202,0,0
Breast_Cancer_(Dove_Med_Press),196,0,0
Breast_Cancer_Res,4415,407,9.21857
Breast_Cancer_Res_Treat,513,44,8.577
Breed_Sci,503,79,15.7058
Brief_Bioinform,189,46,24.3386
Brief_Funct_Genomics,76,7,9.21053
Br_J_Anaesth,60,1,1.66667
Br_J_Cancer,24455,524,2.14271
Br_J_Dermatol,119,1,0.840336
Br_J_Haematol,202,6,2.9703
Br_J_Health_Psychol,40,1,2.5
Br_J_Nutr,146,2,1.36986
Br_J_Ophthalmol,314,4,1.27389
Br_J_Pharmacol,315,15,4.7619
Br_J_Surg,138,2,1.44928
Br_Microbiol_Res_J,9,1,11.1111
Bull_Entomol_Res,8,1,12.5
Bull_World_Health_Organ,884,2,0.226244
Burns_Trauma,209,1,0.478469
Calcif_Tissue_Int,153,4,2.61438
Cancer,150,7,4.66667
Cancer_Biol_Med,325,21,6.46154
Cancer_Biol_Ther,159,17,10.6918
Cancer_Biomark,13,3,23.0769
Cancer_Biother_Radiopharm,7,1,14.2857
Cancer_Causes_Control,159,4,2.51572
Cancer_Cell,73,43,58.9041
Cancer_Cell_Int,1316,227,17.2492
Cancer_Clin_Oncol,5,1,20
Cancer_Commun_(Lond),117,0,0
Cancer_Control,84,5,5.95238
Cancer_Cytopathol,14,1,7.14286
Cancer_Gene_Ther,138,19,13.7681
Cancer_Imaging,1049,3,0.285987
Cancer_Immunol_Immunother,245,7,2.85714
Cancer_Inform,515,146,28.3495
Cancer_Lett,20,1,5
Cancer_Manag_Res,1493,236,15.8071
Cancer_Med,2167,286,13.198
Cancer_Metab,220,29,13.1818
Cancer_Metastasis_Rev,70,6,8.57143
Cancer_Microenviron,55,3,5.45455
Cancer_Nanotechnol,85,2,2.35294
Cancer_Res,1,1,100
Cancer_Res_Treat,816,32,3.92157
Cancers_(Basel),2466,0,0
Cancer_Sci,1593,276,17.3258
Cancers_Head_Neck,41,8,19.5122
Cancer_Transl_Med,2,1,50
Can_Geriatr_J,201,3,1.49254
Can_J_Gastroenterol_Hepatol,341,2,0.58651
Can_J_Infect_Dis_Med_Microbiol,332,14,4.21687
Can_J_Kidney_Health_Dis,282,2,0.70922
Cannabis_Cannabinoid_Res,101,1,0.990099
Carbohydr_Res,24,2,8.33333
Carcinogenesis,142,31,21.831
Cardiol_Res,419,1,0.238663
Cardiovasc_Diabetol,1656,41,2.47585
Cardiovasc_Drugs_Ther,104,3,2.88462
Cardiovasc_Hematol_Agents_Med_Chem,6,1,16.6667
Cardiovasc_J_Afr,822,2,0.243309
Cardiovasc_Psychiatry_Neurol,104,2,1.92308
Cardiovasc_Res,235,6,2.55319
Cartilage,252,7,2.77778
Case_Rep_Dent,957,1,0.104493
Case_Rep_Dermatol,568,1,0.176056
Case_Rep_Endocrinol,393,1,0.254453
Case_Rep_Genet,189,2,1.0582
Case_Rep_Hematol,580,3,0.517241
Case_Rep_Infect_Dis,635,2,0.314961
Case_Rep_Med,2151,4,0.18596
Case_Rep_Neurol,436,2,0.458716
Case_Rep_Neurol_Med,559,1,0.178891
Case_Rep_Oncol,1206,4,0.331675
Case_Rep_Orthop,937,1,0.106724
Case_Rep_Pathol,480,1,0.208333
Case_Rep_Psychiatry,295,1,0.338983
Case_Rep_Rheumatol,318,1,0.314465
Caspian_J_Intern_Med,309,1,0.323625
Catal_Today,2,1,50
Catheter_Cardiovasc_Interv,56,1,1.78571
CBE_Life_Sci_Educ,703,2,0.284495
Cell,350,111,31.7143
Cell_Adh_Migr,129,10,7.75194
Cell_Biochem_Biophys,67,3,4.47761
Cell_Biochem_Funct,20,2,10
Cell_Biol_Int,6,3,50
Cell_Biol_Int_Rep_(2010),18,0,0
Cell_Biol_Toxicol,31,5,16.129
Cell_Biosci,536,77,14.3657
Cell_Calcium,48,2,4.16667
Cell_Chem_Biol,42,8,19.0476
Cell_Commun_Signal,777,110,14.157
Cell_Cycle,910,65,7.14286
Cell_Death_Differ,418,86,20.5742
Cell_Death_Dis,4887,1139,23.3067
Cell_Death_Discov,449,83,18.4855
Cell_Discov,252,79,31.3492
Cell_Div,235,14,5.95745
Cell_Host_Microbe,92,21,22.8261
Cell_Immunol,12,1,8.33333
Cell_J,544,43,7.90441
Cell_Logist,66,1,1.51515
Cell_Metab,104,25,24.0385
Cell_Microbiol,200,35,17.5
Cell_Mol_Biol_Lett,572,31,5.41958
Cell_Mol_Gastroenterol_Hepatol,467,88,18.8437
Cell_Mol_Immunol,71,5,7.04225
Cell_Mol_Life_Sci,573,41,7.15532
Cell_Mol_Neurobiol,44,1,2.27273
Cell_Oncol_(Dordr),59,0,0
Cell_Physiol_Biochem,23,1,4.34783
Cell_Prolif,6,1,16.6667
Cell_Regen_(Lond),53,0,0
Cell_Rep,1630,559,34.2945
Cell_Reprogram,7,1,14.2857
Cell_Res,314,92,29.2994
Cells,1217,107,8.79211
Cell_Signal,55,8,14.5455
Cell_Stem_Cell,86,38,44.186
Cell_Stress,93,4,4.30108
Cell_Stress_Chaperones,62,8,12.9032
Cell_Surf,5,1,20
Cell_Syst,58,17,29.3103
Cell_Tissue_Bank,70,3,4.28571
Cell_Tissue_Res,232,18,7.75862
Cell_Transplant,262,16,6.10687
Cent_Eur_J_Immunol,366,12,3.27869
Cent_European_J_Urol,712,2,0.280899
Cereb_Cortex,653,12,1.83767
Cerebellum,93,5,5.37634
Cerebrospinal_Fluid_Res,272,2,0.735294
Ceylon_Med_J,1,1,100
Channels_(Austin),172,0,0
Chembiochem,168,2,1.19048
Chem_Biol,50,5,10
Chem_Cent_J,1072,1,0.0932836
Chemistry,530,1,0.188679
ChemistryOpen,731,1,0.136799
ChemMedChem,103,1,0.970874
Chemother_Res_Pract,75,2,2.66667
Chem_Res_Toxicol,150,9,6
Chem_Sci,4481,22,0.490962
Chem_Soc_Rev,28,1,3.57143
Chest,43,1,2.32558
Childs_Nerv_Syst,138,1,0.724638
Chin_J_Cancer,639,52,8.13772
Chin_J_Cancer_Res,167,5,2.99401
Chin_J_Traumatol,282,1,0.35461
Chin_Med,437,20,4.57666
Chin_Med_J_(Engl),2716,0,0
Chonnam_Med_J,274,2,0.729927
Chromosoma,113,11,9.73451
Chromosome_Res,70,5,7.14286
Chronic_Dis_Transl_Med,143,2,1.3986
Ci_Ji_Yi_Xue_Za_Zhi,197,2,1.01523
Cilia,345,10,2.89855
Circ_Cardiovasc_Genet,15,3,20
Circ_Genom_Precis_Med,7,1,14.2857
Circ_Res,69,4,5.7971
Circulation,151,7,4.63576
Clin_Auton_Res,58,1,1.72414
Clin_Case_Rep,2131,4,0.187705
Clin_Chim_Acta,10,1,10
Clin_Cosmet_Investig_Dermatol,481,3,0.623701
Clin_Dev_Immunol,998,23,2.30461
Clin_Diabetes_Endocrinol,83,1,1.20482
Clin_Drug_Investig,160,1,0.625
Clin_Endocrinol_(Oxf),59,0,0
Clin_Epidemiol,694,4,0.576369
Clin_Epigenetics,811,251,30.9494
Clin_Exp_Dent_Res,144,5,3.47222
Clin_Exp_Dermatol,11,1,9.09091
Clin_Exp_Gastroenterol,359,4,1.11421
Clin_Exp_Immunol,104,1,0.961538
Clin_Exp_Med,38,3,7.89474
Clin_Exp_Metastasis,75,8,10.6667
Clin_Exp_Nephrol,148,1,0.675676
Clin_Exp_Otorhinolaryngol,611,3,0.490998
Clin_Exp_Reprod_Med,281,3,1.06762
Clin_Exp_Vaccine_Res,164,4,2.43902
Clin_Hypertens,114,1,0.877193
Clinics,171,1,0.584795
Clinics_(Sao_Paulo),2140,0,0
Clin_Infect_Dis,775,13,1.67742
Clin_Interv_Aging,1879,11,0.585418
Clin_J_Pain,56,1,1.78571
Clin_Kidney_J,1136,1,0.0880282
Clin_Med_Insights_Case_Rep,278,1,0.359712
Clin_Med_Insights_Oncol,231,6,2.5974
Clin_Med_Insights_Pediatr,97,1,1.03093
Clin_Microbiol_Infect,49,4,8.16327
Clin_Mol_Allergy,219,6,2.73973
Clin_Neuropathol,68,5,7.35294
Clin_Nutr_Res,201,1,0.497512
Clin_Ophthalmol,3252,3,0.0922509
Clin_Oral_Implants_Res,29,1,3.44828
Clin_Oral_Investig,174,3,1.72414
Clin_Pharmacol,179,1,0.558659
Clin_Pharmacol_Ther,221,7,3.16742
Clin_Pract_Epidemiol_Ment_Health,388,2,0.515464
Clin_Proteomics,277,18,6.49819
Clin_Psychopharmacol_Neurosci,413,6,1.45278
Clin_Rheumatol,211,1,0.473934
Clin_Sarcoma_Res,168,3,1.78571
Clin_Sci_(Lond),154,0,0
Clin_Transl_Allergy,1562,2,0.128041
Clin_Transl_Gastroenterol,374,12,3.20856
Clin_Transl_Immunology,207,7,3.38164
Clin_Transl_Med,277,13,4.69314
Clin_Transl_Oncol,120,6,5
Clin_Transl_Radiat_Oncol,159,4,2.51572
Clin_Transl_Sci,240,8,3.33333
Clin_Vaccine_Immunol,58,4,6.89655
Clujul_Med,491,3,0.610998
CNS_Drugs,105,3,2.85714
CNS_Neurosci_Ther,87,8,9.1954
CNS_Oncol,32,1,3.125
Cochrane_Database_Syst_Rev,135,2,1.48148
Cogn_Neuropsychiatry,8,1,12.5
Cold_Spring_Harb_Mol_Case_Stud,206,56,27.1845
Cold_Spring_Harb_Symp_Quant_Biol,11,2,18.1818
Colomb_Med_(Cali),275,0,0
Commun_Biol,496,114,22.9839
Commun_Integr_Biol,590,10,1.69492
Comp_Clin_Path,31,1,3.22581
Comp_Cytogenet,322,15,4.65839
Comp_Funct_Genomics,557,23,4.12926
Comp_Hepatol,148,7,4.72973
Comput_Biol_Chem,4,1,25
Comput_Intell_Neurosci,960,2,0.208333
Comput_Math_Methods_Med,1614,35,2.16853
Comput_Struct_Biotechnol_J,480,44,9.16667
Connect_Tissue_Res,5,2,40
Conserv_Genet,6,1,16.6667
Conserv_Genet_Resour,3,3,100
Conserv_Physiol,428,5,1.16822
Contemp_Clin_Trials_Commun,390,2,0.512821
Contemp_Drug_Probl,3,1,33.3333
Contemp_Oncol_(Pozn),612,0,0
Contracept_Reprod_Med,79,1,1.26582
Contrast_Media_Mol_Imaging,246,3,1.21951
Coral_Reefs,4,1,25
CPT_Pharmacometrics_Syst_Pharmacol,611,12,1.96399
CRISPR_J,5,2,40
Crit_Care,16036,31,0.193315
Crit_Care_Med,82,2,2.43902
Crit_Rev_Biochem_Mol_Biol,18,3,16.6667
Croat_Med_J,686,6,0.874636
Crop_Prot,11,1,9.09091
Cryst_Growth_Des,78,1,1.28205
Cureus,4466,8,0.179131
Curr_Aging_Sci,11,1,9.09091
Curr_Alzheimer_Res,52,2,3.84615
Curr_Atheroscler_Rep,56,1,1.78571
Curr_Bioinform,2,1,50
Curr_Biol,584,49,8.39041
Curr_Biomark_Find,1,1,100
Curr_Biotechnol,3,1,33.3333
Curr_Cardiol_Rep,63,1,1.5873
Curr_Cardiovasc_Risk_Rep,20,1,5
Curr_Chem_Genomics,65,5,7.69231
Curr_Colorectal_Cancer_Rep,24,1,4.16667
Curr_Dev_Nutr,164,4,2.43902
Curr_Diab_Rep,96,2,2.08333
Curr_Genet,80,7,8.75
Curr_Genomics,656,30,4.57317
Curr_Gerontol_Geriatr_Res,195,2,1.02564
Curr_Hematol_Malig_Rep,26,1,3.84615
Curr_HIV_Res,51,1,1.96078
Curr_Hypertens_Rep,67,1,1.49254
Curr_Med_Chem,90,1,1.11111
Curr_Med_Mycol,133,5,3.7594
Curr_Microbiol,88,19,21.5909
Curr_Mol_Med,46,2,4.34783
Curr_Neurol_Neurosci_Rep,52,1,1.92308
Curr_Neuropharmacol,759,4,0.527009
Curr_Nutr_Food_Sci,8,1,12.5
Curr_Oncol_Rep,26,1,3.84615
Curr_Opin_Genet_Dev,23,6,26.087
Curr_Opin_Obstet_Gynecol,4,1,25
Curr_Opin_Plant_Biol,13,1,7.69231
Curr_Opin_Rheumatol,18,1,5.55556
Curr_Opin_Toxicol,4,1,25
Curr_Osteoporos_Rep,40,1,2.5
Curr_Pharm_Des,84,1,1.19048
Curr_Protein_Pept_Sci,42,2,4.7619
Curr_Pulmonol_Rep,8,1,12.5
Curr_Treat_Options_Oncol,29,2,6.89655
Curr_Zool,266,1,0.37594
Cytogenet_Genome_Res,7,1,14.2857
Cytojournal,399,1,0.250627
Cytokine,21,2,9.52381
Cytoskeleton_(Hoboken),37,0,0
Cytotechnology,60,4,6.66667
Daru,481,6,1.2474
Data_(Basel),6,0,0
Database_(Oxford),1033,0,0
Data_Brief,3705,252,6.80162
Dement_Geriatr_Cogn_Dis_Extra,419,3,0.71599
Dement_Neurocogn_Disord,85,1,1.17647
Dement_Neuropsychol,757,4,0.528402
Dent_Res_J_(Isfahan),901,0,0
Dermatoendocrinol,161,1,0.621118
Dermatol_Ther_(Heidelb),307,0,0
Dev_Biol,156,27,17.3077
Dev_Cell,209,43,20.5742
Dev_Comp_Immunol,12,1,8.33333
Dev_Dyn,43,12,27.907
Development,486,132,27.1605
Dev_Genes_Evol,50,7,14
Dev_Growth_Differ,11,2,18.1818
Dev_Neurobiol,38,2,5.26316
Dev_Reprod,288,31,10.7639
Diabetes,3320,167,5.03012
Diabetes_Care,4153,4,0.0963159
Diabetes_Metab_J,642,5,0.778816
Diabetes_Metab_Syndr_Obes,605,9,1.4876
Diabetes_Obes_Metab,402,1,0.248756
Diabetes_Res_Clin_Pract,9,1,11.1111
Diabetes_Technol_Ther,78,1,1.28205
Diabetes_Ther,646,1,0.154799
Diabetol_Metab_Syndr,1125,6,0.533333
Diabetologia,777,33,4.2471
Diagn_Microbiol_Infect_Dis,8,2,25
Diagnostics_(Basel),345,0,0
Diagn_Pathol,1759,60,3.41103
Dialogues_Clin_Neurosci,777,1,0.1287
Differentiation,7,1,14.2857
Dig_Dis_Sci,200,7,3.5
Diseases,251,6,2.39044
Dis_Markers,1990,98,4.92462
Dis_Model_Mech,1437,158,10.9951
Diversity_(Basel),1,0,0
DNA_Cell_Biol,7,1,14.2857
DNA_Repair_(Amst),46,0,0
DNA_Res,543,227,41.8048
Dose_Response,271,10,3.69004
Drug_Deliv,245,3,1.22449
Drug_Des_Devel_Ther,2364,65,2.74958
Drug_Metab_Dispos,17,2,11.7647
Drugs,159,1,0.628931
Drugs_Aging,84,1,1.19048
Drugs_Context,136,1,0.735294
Drugs_R_D,359,1,0.278552
Drug_Target_Insights,69,4,5.7971
EBioMedicine,1994,306,15.346
Ecancermedicalscience,904,16,1.76991
Echo_Res_Pract,208,180,86.5385
EClinicalMedicine,114,1,0.877193
Ecohealth,75,1,1.33333
Ecol_Evol,5086,259,5.09241
Ecol_Lett,125,2,1.6
Econ_Bot,17,1,5.88235
Ecotoxicology,107,5,4.6729
EFORT_Open_Rev,245,1,0.408163
Einstein_(Sao_Paulo),688,0,0
EJC_Suppl,78,1,1.28205
EJIFCC,539,2,0.371058
EJNMMI_Res,703,12,1.70697
Electron_Physician,958,3,0.313152
Elementa_(Wash_D_C),6,0,0
eLife,6946,1662,23.9274
EMBO_J,741,168,22.6721
EMBO_Mol_Med,1144,243,21.2413
EMBO_Rep,285,68,23.8596
Emerg_Health_Threats_J,82,1,1.21951
Emerg_Infect_Dis,10171,258,2.53662
Emerg_Microbes_Infect,693,46,6.63781
Emerg_Radiol,21,1,4.7619
Emerg_Themes_Epidemiol,204,1,0.490196
Endocr_Connect,591,21,3.5533
Endocrine,151,2,1.3245
Endocrinol_Diabetes_Metab,65,1,1.53846
Endocrinol_Diabetes_Metab_Case_Rep,442,3,0.678733
Endocrinol_Metab_(Seoul),489,0,0
Endocrinology,139,22,15.8273
Endocr_Pathol,14,1,7.14286
Endocr_Relat_Cancer,112,26,23.2143
Endosc_Int_Open,1021,1,0.0979432
eNeuro,1063,63,5.92662
eNeurologicalSci,184,1,0.543478
Environ_Entomol,11,1,9.09091
Environ_Epidemiol,7,1,14.2857
Environ_Epigenet,92,12,13.0435
Environ_Health,1359,17,1.25092
Environ_Health_Insights,191,1,0.52356
Environ_Health_Perspect,15781,80,0.506939
Environ_Health_Prev_Med,206,3,1.45631
Environ_Health_Toxicol,176,1,0.568182
Environ_Int,33,1,3.0303
Environ_Microbiol,182,37,20.3297
Environ_Microbiol_Rep,32,2,6.25
Environ_Mol_Mutagen,36,6,16.6667
Environ_Monit_Assess,287,3,1.0453
Environ_Pollut,15,1,6.66667
Environ_Sci_Eur,136,4,2.94118
Environ_Sci_Pollut_Res_Int,599,7,1.16861
Environ_Sci_Technol,305,8,2.62295
Environ_Toxicol,9,2,22.2222
Enzyme_Res,246,7,2.84553
Epidemiol_Infect,430,10,2.32558
Epigenetics,274,83,30.292
Epigenetics_Chromatin,646,227,35.1393
Epigenet_Insights,19,2,10.5263
Epigenomics,44,14,31.8182
Epilepsia,97,1,1.03093
Eplasty,919,2,0.217628
EPMA_J,432,3,0.694444
Equine_Vet_J,32,1,3.125
ERJ_Open_Res,415,7,1.68675
ESC_Heart_Fail,392,1,0.255102
ESMO_Open,378,18,4.7619
Essays_Biochem,71,1,1.40845
Ethiop_J_Health_Sci,583,1,0.171527
Eukaryot_Cell,10,5,50
EuPA_Open_Proteom,39,3,7.69231
Euphytica,9,1,11.1111
Eur_Arch_Psychiatry_Clin_Neurosci,98,1,1.02041
EURASIP_J_Bioinform_Syst_Biol,191,14,7.32984
Eur_Cell_Mater,5,1,20
Eur_Child_Adolesc_Psychiatry,274,1,0.364964
Eur_Heart_J,557,3,0.5386
Eur_J_Ageing,63,4,6.34921
Eur_J_Appl_Physiol,244,1,0.409836
Eur_J_Cancer,50,3,6
Eur_J_Cancer_Prev,38,1,2.63158
Eur_J_Clin_Microbiol_Infect_Dis,337,15,4.45104
Eur_J_Clin_Nutr,241,1,0.414938
Eur_J_Clin_Pharmacol,245,2,0.816327
Eur_J_Dent,998,1,0.1002
Eur_J_Endocrinol,131,1,0.763359
Eur_J_Epidemiol,337,3,0.890208
Eur_J_Gastroenterol_Hepatol,45,1,2.22222
Eur_J_Health_Econ,208,1,0.480769
Eur_J_Heart_Fail,111,1,0.900901
Eur_J_Histochem,472,9,1.90678
Eur_J_Hum_Genet,336,18,5.35714
Eur_J_Immunol,277,32,11.5523
Eur_J_Med_Chem,28,1,3.57143
Eur_J_Med_Res,862,20,2.32019
Eur_J_Microbiol_Immunol_(Bp),126,0,0
Eur_J_Neurosci,309,5,1.61812
Eur_J_Nucl_Med_Mol_Imaging,461,1,0.21692
Eur_J_Nutr,259,7,2.7027
Eur_J_Oral_Sci,20,1,5
Eur_J_Pain,82,1,1.21951
Eur_J_Plant_Pathol,7,1,14.2857
Eur_J_Psychol,226,1,0.442478
Eur_J_Transl_Myol,192,1,0.520833
Euro_Surveill,722,30,4.15512
Eur_Radiol,591,2,0.338409
Eur_Radiol_Exp,95,2,2.10526
Eur_Respir_J,217,3,1.38249
Eur_Rev_Aging_Phys_Act,76,2,2.63158
Eur_Urol,35,2,5.71429
Evid_Based_Complement_Alternat_Med,7604,202,2.6565
EvoDevo,278,41,14.7482
Evol_Appl,1037,66,6.36451
Evol_Bioinform_Online,425,35,8.23529
Evol_Dev,11,1,9.09091
Evol_Lett,99,19,19.1919
Evol_Med_Public_Health,211,4,1.89573
Evolution,165,9,5.45455
EXCLI_J,805,19,2.36025
Exp_Anim,344,26,7.55814
Exp_Appl_Acarol,109,3,2.75229
Exp_Brain_Res,402,2,0.497512
Exp_Dermatol,29,1,3.44828
Exp_Diabetes_Res,336,4,1.19048
Expert_Rev_Anti_Infect_Ther,8,1,12.5
Expert_Rev_Mol_Med,29,2,6.89655
Exp_Eye_Res,32,2,6.25
Exp_Gerontol,29,1,3.44828
Exp_Hematol,24,3,12.5
Exp_Hematol_Oncol,246,18,7.31707
Exp_Mol_Med,768,134,17.4479
Exp_Mol_Pathol,3,1,33.3333
Exp_Neurobiol,360,12,3.33333
Exp_Neurol,45,1,2.22222
Exp_Parasitol,18,4,22.2222
Exp_Physiol,60,1,1.66667
Exp_Ther_Med,4705,368,7.82147
Exp_Transl_Stroke_Med,110,2,1.81818
Extremophiles,77,10,12.987
Eye_Vis_(Lond),145,0,0
F1000_Biol_Rep,241,1,0.414938
F1000Prime_Rep,240,4,1.66667
F1000Res,3122,219,7.01473
Facts_Views_Vis_Obgyn,353,1,0.283286
Fam_Cancer,113,8,7.07965
FASEB_J,284,55,19.3662
FEBS_J,167,18,10.7784
FEBS_Lett,198,25,12.6263
FEBS_Open_Bio,1018,201,19.7446
FEMS_Immunol_Med_Microbiol,11,1,9.09091
FEMS_Microbiol_Ecol,115,27,23.4783
FEMS_Microbiol_Lett,131,24,18.3206
FEMS_Microbiol_Rev,94,1,1.06383
FEMS_Yeast_Res,86,22,25.5814
Fertil_Steril,20,3,15
Fibrogenesis_Tissue_Repair,183,12,6.55738
Filaria_J,77,1,1.2987
Fish_Physiol_Biochem,47,4,8.51064
Fish_Shellfish_Immunol,6,4,66.6667
Fluids_Barriers_CNS,383,14,3.65535
Fly_(Austin),65,0,0
Folia_Microbiol_(Praha),53,0,0
Foodborne_Pathog_Dis,23,2,8.69565
Food_Control,8,1,12.5
Food_Environ_Virol,37,4,10.8108
Food_Funct,4,1,25
Food_Nutr_Res,558,5,0.896057
Foods,781,11,1.40845
Food_Sci_Anim_Resour,47,1,2.12766
Food_Sci_Nutr,999,10,1.001
Food_Technol_Biotechnol,43,1,2.32558
Forensic_Sci_Int_Genet,20,1,5
Forensic_Sci_Res,97,2,2.06186
Free_Radic_Biol_Med,93,7,7.52688
Front_Aging_Neurosci,2191,88,4.01643
Front_Behav_Neurosci,2392,32,1.33779
Front_Bioeng_Biotechnol,877,55,6.27138
Front_Cardiovasc_Med,475,20,4.21053
Front_Cell_Dev_Biol,741,48,6.47773
Front_Cell_Infect_Microbiol,2044,362,17.7104
Front_Cell_Neurosci,2997,163,5.43877
Front_Chem,1558,19,1.21951
Front_Endocrinol_(Lausanne),2756,0,0
Front_Genet,3408,670,19.6596
Front_Hum_Neurosci,5621,12,0.213485
Front_Immunol,9755,832,8.52896
Front_Integr_Neurosci,741,2,0.269906
Front_Med_(Lausanne),982,0,0
Front_Microbiol,13262,3046,22.9679
Front_Mol_Biosci,457,34,7.43982
Front_Mol_Neurosci,1752,187,10.6735
Front_Neural_Circuits,1038,13,1.25241
Front_Neuroanat,1042,25,2.39923
Front_Neuroengineering,38,1,2.63158
Front_Neuroinform,514,4,0.77821
Front_Neuroinformatics,79,1,1.26582
Front_Neurol,4000,46,1.15
Front_Neurosci,4917,121,2.46085
Front_Nutr,440,11,2.5
Front_Oncol,3162,309,9.7723
Front_Pediatr,1461,12,0.821355
Front_Pharmacol,4979,313,6.2864
Front_Physiol,6656,418,6.28005
Front_Plant_Sci,10221,1622,15.8693
Front_Psychiatry,2584,30,1.16099
Front_Psychol,14538,27,0.18572
Front_Public_Health,1809,11,0.608071
Front_Surg,383,1,0.261097
Front_Synaptic_Neurosci,249,4,1.60643
Front_Syst_Neurosci,1140,5,0.438596
Front_Vet_Sci,1037,40,3.85728
Front_Zool,624,29,4.64744
Funct_Ecol,24,1,4.16667
Funct_Integr_Genomics,43,13,30.2326
Fungal_Biol_Biotechnol,70,11,15.7143
Fungal_Ecol,4,2,50
Fungal_Genet_Biol,52,18,34.6154
Future_Microbiol,16,2,12.5
Future_Sci_OA,388,7,1.80412
G3_(Bethesda),2266,0,0
Gastric_Cancer,100,9,9
Gastroenterol_Hepatol_Bed_Bench,505,18,3.56436
Gastroenterology,41,12,29.2683
Gastroenterology_Res,544,1,0.183824
Gastroenterol_Rep_(Oxf),347,0,0
Gastroenterol_Res_Pract,1706,26,1.52403
Gastrointest_Cancer,5,2,40
Gates_Open_Res,74,2,2.7027
Geburtshilfe_Frauenheilkd,123,2,1.62602
Gen_Comp_Endocrinol,17,1,5.88235
Gene,21,4,19.0476
Gene_Expr_Patterns,7,1,14.2857
Gene_Regul_Syst_Bio,153,31,20.2614
Genes_(Basel),1959,0,0
Genes_Cancer,193,37,19.171
Genes_Cells,42,9,21.4286
Genes_Chromosomes_Cancer,33,14,42.4242
Genes_Dis,202,18,8.91089
Genes_Environ,119,10,8.40336
Genes_Genomics,18,6,33.3333
Genes_Immun,192,36,18.75
Genesis,33,5,15.1515
Genes_Nutr,182,31,17.033
Genet_Epidemiol,72,2,2.77778
Genet_Epigenet,28,1,3.57143
Gene_Ther,291,37,12.7148
Genetica,27,3,11.1111
Genetics,633,151,23.8547
Genet_Med,370,7,1.89189
Genet_Mol_Biol,1038,112,10.79
Genet_Res_Int,132,6,4.54545
Genet_Resour_Crop_Evol,3,1,33.3333
Genet_Sel_Evol,1733,32,1.84651
Genet_Vaccines_Ther,107,15,14.0187
Genom_Data,711,541,76.09
Genome_Announc,6714,488,7.26839
Genome_Biol,4668,1365,29.2416
Genome_Biol_Evol,2153,634,29.4473
Genome_Integr,68,4,5.88235
Genome_Med,1161,323,27.8208
Genomics_Inf,19,4,21.0526
Genomics_Inform,259,30,11.583
Genomics_Insights,28,5,17.8571
Genomics_Proteomics_Bioinformatics,593,57,9.61214
Genus,33,1,3.0303
Geobiology,24,2,8.33333
Geriatrics_(Basel),195,0,0
Gerontol_Geriatr_Med,247,1,0.404858
GeroScience,12,1,8.33333
Gigascience,589,263,44.652
Glia,119,20,16.8067
Global_Spine_J,748,1,0.13369
Glob_Chang_Biol,134,2,1.49254
Glob_Change_Biol_Bioenergy,24,1,4.16667
Glob_Health_Action,1398,2,0.143062
Glob_Health_Epidemiol_Genom,63,1,1.5873
Glob_Health_Sci_Pract,442,10,2.26244
Glob_J_Health_Sci,1031,1,0.0969932
Glob_Ment_Health_(Camb),142,0,0
Glob_Qual_Nurs_Res,131,1,0.763359
Glycobiology,75,7,9.33333
GM_Crops_Food,44,1,2.27273
GMS_Z_Med_Ausbild,321,1,0.311526
Gut,469,57,12.1535
Gut_Liver,969,9,0.928793
Gut_Microbes,146,11,7.53425
Gut_Pathog,454,69,15.1982
Gynecol_Oncol_Rep,474,7,1.47679
Gynecol_Oncol_Res_Pract,63,7,11.1111
Haematologica,522,44,8.42912
Harm_Reduct_J,624,2,0.320513
Headache,35,1,2.85714
Head_Face_Med,541,4,0.739372
Head_Neck,51,4,7.84314
Head_Neck_Oncol,221,2,0.904977
Healthcare_(Basel),547,0,0
Healthc_Inform_Res,425,1,0.235294
Healthc_Technol_Lett,105,1,0.952381
Health_Econ_Rev,274,2,0.729927
Health_Inf_Sci_Syst,39,3,7.69231
Health_Policy_Plan,306,1,0.326797
Health_Promot_Int,38,1,2.63158
Health_Qual_Life_Outcomes,2448,14,0.571895
Health_Res_Policy_Syst,845,2,0.236686
Health_Sci_Rep,95,2,2.10526
HeartRhythm_Case_Rep,679,1,0.147275
Helicobacter,24,2,8.33333
Heliyon,1936,61,3.15083
Hematol_Oncol,18,1,5.55556
Hematol_Rep,237,5,2.1097
Hematol_Rev,21,1,4.7619
Hematol_Transfus_Cell_Ther,101,1,0.990099
Hepat_Med,110,2,1.81818
Hepat_Mon,857,18,2.10035
Hepatol_Commun,325,21,6.46154
Hepatology,243,25,10.2881
Hepat_Oncol,14,1,7.14286
Hepat_Res_Treat,86,1,1.16279
Hered_Cancer_Clin_Pract,604,7,1.15894
Hereditas,98,32,32.6531
Heredity_(Edinb),135,0,0
Herpesviridae,28,2,7.14286
High_Throughput,55,13,23.6364
Hippocampus,86,1,1.16279
Histochem_Cell_Biol,179,11,6.14525
Histopathology,51,1,1.96078
HIV_AIDS_(Auckl),230,0,0
Horm_Cancer,20,3,15
Hortic_Res,299,78,26.087
HPB_Surg,767,1,0.130378
Hugo_J,19,1,5.26316
Hum_Brain_Mapp,237,2,0.843882
Hum_Cell,38,7,18.4211
Hum_Genet,235,33,14.0426
Hum_Genet_Embryol,1,1,100
Hum_Gene_Ther,39,4,10.2564
Hum_Gene_Ther_Methods,15,2,13.3333
Hum_Genome_Var,229,6,2.62009
Hum_Genomics,513,58,11.306
Hum_Genomics_Proteomics,13,1,7.69231
Hum_Mol_Genet,960,172,17.9167
Hum_Mutat,208,23,11.0577
Hum_Pathol,5,1,20
Hum_Reprod,256,10,3.90625
Hum_Reprod_Update,55,2,3.63636
Hum_Resour_Health,860,4,0.465116
Hum_Vaccin_Immunother,820,7,0.853659
Hydrobiologia,13,1,7.69231
Hypertension,81,5,6.17284
Hypertens_Pregnancy,6,1,16.6667
Hypertens_Res,61,1,1.63934
Hypoxia_(Auckl),59,0,0
IBRO_Rep,66,4,6.06061
IEEE_J_Transl_Eng_Health_Med,222,1,0.45045
IMA_Fungus,214,9,4.20561
Immun_Ageing,332,10,3.01205
Immune_Netw,445,26,5.8427
Immun_Inflamm_Dis,237,14,5.90717
Immunity,134,34,25.3731
Immunobiology,19,2,10.5263
Immunogenetics,150,13,8.66667
Immunohorizons,18,3,16.6667
Immunol_Cell_Biol,155,13,8.3871
Immunology,106,8,7.54717
Immunol_Rev,52,1,1.92308
Immunome_Res,65,4,6.15385
Immunotargets_Ther,74,1,1.35135
Implement_Sci,1710,5,0.292398
Indian_Dermatol_Online_J,1297,1,0.077101
Indian_J_Dermatol,2337,1,0.0427899
Indian_J_Endocrinol_Metab,2081,2,0.0961076
Indian_J_Hum_Genet,415,2,0.481928
Indian_J_Med_Paediatr_Oncol,623,2,0.321027
Indian_J_Med_Res,2595,19,0.732177
Indian_J_Pharmacol,1550,3,0.193548
Indian_J_Psychiatry,3582,2,0.0558347
Indian_J_Urol,1345,2,0.148699
Infect_Agent_Cancer,753,17,2.25764
Infect_Chemother,338,3,0.887574
Infect_Dis_(Auckl),38,0,0
Infect_Dis_Model,83,2,2.40964
Infect_Dis_Obstet_Gynecol,921,2,0.217155
Infect_Dis_Poverty,621,9,1.44928
Infect_Drug_Resist,710,54,7.60563
Infect_Ecol_Epidemiol,197,6,3.04569
Infect_Genet_Evol,35,5,14.2857
Infect_Immun,180,43,23.8889
Inflammation,75,5,6.66667
Inflamm_Bowel_Dis,117,7,5.98291
Inflammopharmacology,29,1,3.44828
Inflamm_Regen,97,5,5.15464
Inflamm_Res,80,5,6.25
Influenza_Other_Respir_Viruses,983,15,1.52594
Inhal_Toxicol,37,1,2.7027
Innov_Aging,84,1,1.19048
Insect_Biochem_Mol_Biol,12,3,25
Insectes_Soc,32,1,3.125
Insect_Mol_Biol,29,6,20.6897
Insects,885,30,3.38983
Insights_Cancer_Res,1,1,100
Insights_Enzym_Res,1,1,100
Insights_Imaging,732,2,0.273224
In_Silico_Biol,9,1,11.1111
In_Silico_Pharmacol,45,1,2.22222
Int_Arch_Med,277,1,0.361011
Int_Braz_J_Urol,859,4,0.465658
Integr_Biol_(Camb),7,0,0
Integr_Cancer_Ther,292,8,2.73973
Integr_Med_Res,272,1,0.367647
Intensive_Care_Med_Exp,1382,6,0.434153
Interdiscip_Perspect_Infect_Dis,233,4,1.71674
Interdiscip_Sci,9,2,22.2222
Interdiscip_Toxicol,285,2,0.701754
Interface_Focus,94,1,1.06383
Intest_Res,328,4,1.21951
Int_Health,82,1,1.21951
Int_Immunol,40,3,7.5
Int_J_Alzheimers_Dis,391,4,1.02302
Int_J_Androl,16,1,6.25
Int_J_Antimicrob_Agents,13,1,7.69231
Int_J_Appl_Basic_Med_Res,489,2,0.408998
Int_J_Bacteriol,43,2,4.65116
Int_J_Behav_Nutr_Phys_Act,1651,2,0.121139
Int_J_Biochem_Cell_Biol,37,3,8.10811
Int_J_Biochem_Res_Rev,1,1,100
Int_J_Biol_Sci,1548,244,15.7623
Int_J_Biomater,221,3,1.35747
Int_J_Biomed_Sci,488,7,1.43443
Int_J_Breast_Cancer,232,6,2.58621
Int_J_Cancer,341,61,17.8886
Int_J_Cardiol,87,1,1.14943
Int_J_Cardiol_Heart_Vasc,372,1,0.268817
Int_J_Cell_Biol,299,11,3.67893
Int_J_Chron_Obstruct_Pulmon_Dis,2182,17,0.779102
Int_J_Clin_Oncol,74,1,1.35135
Int_J_Clin_Pharm,115,1,0.869565
Int_J_Colorectal_Dis,204,1,0.490196
Int_J_Comput_Assist_Radiol_Surg,111,2,1.8018
Int_J_Dent,772,5,0.647668
Int_J_Endocrinol,1535,34,2.21498
Int_J_Endocrinol_Metab,292,1,0.342466
Int_J_Environ_Res_Public_Health,11528,131,1.13636
Int_J_Epidemiol,525,6,1.14286
Int_J_Equity_Health,1422,3,0.21097
Int_J_Evol_Biol,159,5,3.14465
Int_J_Exp_Pathol,19,1,5.26316
Int_J_Fertil_Steril,474,7,1.47679
Int_J_Food_Microbiol,9,1,11.1111
Int_J_Gen_Med,806,1,0.124069
Int_J_Genomics,403,120,29.7767
Int_J_Geriatr_Psychiatry,77,64,83.1169
Int_J_Gynecol_Cancer,73,4,5.47945
Int_J_Gynecol_Pathol,21,5,23.8095
Int_J_Health_Sci_(Qassim),188,0,0
Int_J_Hematol_Oncol_Stem_Cell_Res,239,5,2.09205
Int_J_Hepatol,252,4,1.5873
Int_J_Hypertens,436,2,0.458716
Int_J_Immunopathol_Pharmacol,172,11,6.39535
Int_J_Impot_Res,28,1,3.57143
Int_J_Inflam,226,2,0.884956
Int_J_Insect_Sci,42,1,2.38095
Int_J_Legal_Med,109,1,0.917431
Int_J_Med_Chem,106,1,0.943396
Int_J_Med_Microbiol,13,3,23.0769
Int_J_Med_Sci,1657,92,5.5522
Int_J_Ment_Health_Addict,59,3,5.08475
Int_J_Ment_Health_Syst,529,2,0.378072
Int_J_Methods_Psychiatr_Res,21,1,4.7619
Int_J_Microbiol,437,31,7.09382
Int_J_Mol_Cell_Med,202,12,5.94059
Int_J_Mol_Imaging,95,2,2.10526
Int_J_Mol_Med,1480,288,19.4595
Int_J_Mol_Sci,19277,2033,10.5462
Int_J_Nanomedicine,4794,125,2.60743
Int_J_Nephrol,398,2,0.502513
Int_J_Nephrol_Renovasc_Dis,300,4,1.33333
Int_J_Neuropsychopharmacol,1497,24,1.60321
Int_J_Obes_(Lond),602,0,0
Int_J_Oncol,1043,228,21.86
Int_J_Oral_Sci,359,16,4.45682
Int_J_Organ_Transplant_Med,262,1,0.381679
Int_J_Otolaryngol,279,1,0.358423
Int_J_Parasitol,94,15,15.9574
Int_J_Parasitol_Drugs_Drug_Resist,260,28,10.7692
Int_J_Parasitol_Parasites_Wildl,383,24,6.26632
Int_J_Part_Ther,7,1,14.2857
Int_J_Pediatr,459,2,0.43573
Int_J_Pediatr_Endocrinol,707,1,0.141443
Int_J_Pept,101,3,2.9703
Int_J_Pharm_Investig,228,1,0.438596
Int_J_Plant_Genomics,106,16,15.0943
Int_J_Proteomics,108,2,1.85185
Int_J_Qual_Stud_Health_Well-being,539,1,0.185529
Int_J_Radiat_Biol,21,1,4.7619
Int_J_Reprod_Biomed_(Yazd),296,0,0
Int_J_Rheumatol,242,1,0.413223
Int_J_Stem_Cell_Res_Ther,4,1,25
Int_J_Stem_Cells,145,9,6.2069
Int_J_Surg_Oncol,207,1,0.483092
Int_J_Syst_Evol_Microbiol,51,7,13.7255
Int_J_Telemed_Appl,179,1,0.558659
Int_J_Tryptophan_Res,102,1,0.980392
Int_J_Vasc_Med,212,1,0.471698
Int_J_Vet_Sci_Med,100,1,1
Int_J_Womens_Health,805,2,0.248447
Int_J_Yoga,321,1,0.311526
Int_Med_Case_Rep_J,454,2,0.440529
Int_Microbiol,2,1,50
Int_Neurourol_J,472,3,0.635593
Int_Orthop,81,1,1.23457
Int_Psychogeriatr,40,3,7.5
Intrinsically_Disord_Proteins,34,2,5.88235
Int_Sch_Res_Notices,563,5,0.888099
Int_Urogynecol_J,189,1,0.529101
Int_Urol_Nephrol,128,3,2.34375
Investig_Clin_Urol,292,4,1.36986
Investig_Genet,127,8,6.29921
Invest_New_Drugs,178,3,1.68539
Invest_Ophthalmol_Vis_Sci,976,46,4.71311
In_Vitro_Cell_Dev_Biol_Anim,48,11,22.9167
In_Vitro_Cell_Dev_Biol_Plant,31,1,3.22581
Iperception,782,1,0.127877
Iran_Biomed_J,230,16,6.95652
Iranian_J_Environ_Health_Sci_Eng,69,1,1.44928
Iran_J_Arthropod_Borne_Dis,55,1,1.81818
Iran_J_Basic_Med_Sci,1262,79,6.2599
Iran_J_Biotechnol,45,11,24.4444
Iran_J_Cancer_Prev,246,4,1.62602
Iran_J_Child_Neurol,352,1,0.284091
Iran_J_Med_Sci,725,12,1.65517
Iran_J_Microbiol,491,46,9.36864
Iran_J_Neurol,332,3,0.903614
Iran_J_Parasitol,694,40,5.76369
Iran_J_Pathol,173,5,2.89017
Iran_J_Pediatr,752,1,0.132979
Iran_J_Pharm_Res,1439,13,0.903405
Iran_J_Psychiatry,345,1,0.289855
Iran_J_Psychiatry_Behav_Sci,220,1,0.454545
Iran_J_Public_Health,2140,21,0.981308
Iran_J_Reprod_Med,471,9,1.91083
Iran_Red_Crescent_Med_J,1426,14,0.981767
Ir_J_Med_Sci,23,1,4.34783
Ir_Vet_J,312,3,0.961538
ISBT_Sci_Ser,4,1,25
iScience,472,51,10.8051
Islets,59,4,6.77966
ISME_J,516,172,33.3333
ISRN_Bioinform,27,6,22.2222
ISRN_Biotechnol,47,1,2.12766
ISRN_Cardiol,108,1,0.925926
ISRN_Endocrinol,131,1,0.763359
ISRN_Gastroenterol,143,1,0.699301
ISRN_Hepatol,29,2,6.89655
ISRN_Microbiol,86,7,8.13953
ISRN_Mol_Biol,32,5,15.625
ISRN_Neurol,138,2,1.44928
ISRN_Neurosci,31,2,6.45161
ISRN_Oncol,231,6,2.5974
ISRN_Parasitol,24,1,4.16667
ISRN_Toxicol,49,2,4.08163
ISRN_Urol,95,1,1.05263
ISRN_Vet_Sci,97,1,1.03093
Ital_J_Food_Saf,286,5,1.74825
IUBMB_Life,15,1,6.66667
IUCrJ,482,3,0.622407
J_Abnorm_Child_Psychol,149,1,0.671141
JACC_Basic_Transl_Sci,314,9,2.86624
J_Acquir_Immune_Defic_Syndr,351,10,2.849
J_Adolesc_Health,76,1,1.31579
J_Adv_Pharm_Technol_Res,388,2,0.515464
J_Adv_Res,535,10,1.86916
J_Aging_Health,9,1,11.1111
J_Aging_Res,410,3,0.731707
J_Agric_Food_Chem,100,3,3
JAKSTAT,129,4,3.10078
J_Allergy_(Cairo),190,0,0
J_Allergy_Clin_Immunol,187,21,11.2299
J_Alzheimers_Dis,420,16,3.80952
J_Alzheimers_Dis_Parkinsonism,32,1,3.125
J_Alzheimers_Dis_Rep,60,2,3.33333
J_Am_Acad_Child_Adolesc_Psychiatry,41,1,2.43902
JAMA_Netw_Open,590,5,0.847458
JAMA_Oncol,13,1,7.69231
JAMA_Pediatr,16,1,6.25
JAMA_Psychiatry,21,1,4.7619
J_Am_Chem_Soc,1565,9,0.57508
J_Am_Coll_Cardiol,75,1,1.33333
J_Am_Heart_Assoc,4101,115,2.80419
J_Amino_Acids,93,4,4.30108
J_Am_Med_Inform_Assoc,299,12,4.01338
J_Am_Soc_Mass_Spectrom,156,2,1.28205
J_Anal_Methods_Chem,671,4,0.596125
J_Anat,87,2,2.29885
J_Angiogenes_Res,37,1,2.7027
J_Anim_Ecol,71,2,2.8169
J_Anim_Sci,31,3,9.67742
J_Anim_Sci_Biotechnol,519,70,13.4875
J_Anim_Sci_Technol,205,5,2.43902
J_Antimicrob_Chemother,369,24,6.50407
J_Appl_Clin_Med_Phys,2278,1,0.0438982
J_Appl_Crystallogr,338,2,0.591716
J_Appl_Ecol,95,1,1.05263
J_Appl_Genet,184,26,14.1304
J_Appl_Microbiol,28,1,3.57143
J_Appl_Oral_Sci,1335,4,0.299625
J_Appl_Phycol,109,4,3.66972
J_Appl_Physiol_(1985),54,0,0
J_Appl_Toxicol,34,2,5.88235
J_Arrhythm,401,1,0.249377
J_Arthropod_Borne_Dis,268,1,0.373134
J_Assist_Reprod_Genet,122,3,2.45902
J_Assoc_Res_Otolaryngol,83,2,2.40964
J_Asthma_Allergy,209,1,0.478469
J_Atheroscler_Thromb,366,7,1.91257
J_Autism_Dev_Disord,352,2,0.568182
J_Autoimmun,31,4,12.9032
J_Ayurveda_Integr_Med,484,2,0.413223
J_Bacteriol,92,31,33.6957
J_Basic_Microbiol,2,1,50
J_Behav_Addict,411,13,3.16302
J_Bioanal_Biomed,4,1,25
J_Biochem,16,1,6.25
J_Biochem_Mol_Toxicol,4,1,25
J_Bioenerg_Biomembr,15,2,13.3333
J_Biogeogr,28,1,3.57143
J_Biol,265,6,2.26415
J_Biol_Chem,2461,339,13.7749
J_Biol_Eng,357,27,7.56303
J_Biol_Inorg_Chem,107,2,1.86916
J_Biol_Res_(Thessalon),93,0,0
J_Biol_Rhythms,22,4,18.1818
J_Biomark,38,1,2.63158
J_Biom_Biostat,22,1,4.54545
J_Biomed_Biotechnol,1858,101,5.43595
J_Biomed_Mater_Res_B_Appl_Biomater,43,2,4.65116
J_Biomed_Phys_Eng,244,2,0.819672
J_Biomed_Res,602,12,1.99336
J_Biomed_Sci,1094,114,10.4205
J_Biomed_Semantics,421,10,2.3753
J_Biomol_NMR,136,1,0.735294
J_Biomol_Struct_Dyn,13,1,7.69231
J_Biotechnol,17,5,29.4118
JBMR_Plus,75,9,12
J_Bone_Metab,216,2,0.925926
J_Bone_Miner_Res,258,14,5.42636
J_Bone_Oncol,209,6,2.87081
J_Breast_Cancer,543,18,3.31492
J_Burn_Care_Res,16,1,6.25
J_Cachexia_Sarcopenia_Muscle,565,26,4.60177
J_Can_Assoc_Gastroenterol,64,1,1.5625
J_Cancer,2190,317,14.4749
J_Cancer_Metastasis_Treat,9,2,22.2222
J_Cancer_Prev,224,9,4.01786
J_Cancer_Res_Clin_Oncol,190,17,8.94737
J_Cancer_Sci_Ther,21,2,9.52381
J_Cancer_Ther,16,3,18.75
J_Cancer_Ther_Res,1,1,100
J_Carcinog,253,12,4.74308
J_Carcinog_Mutagen,13,4,30.7692
J_Cardiobiol,1,1,100
J_Cardiothorac_Surg,2653,3,0.11308
J_Cardiovasc_Dev_Dis,167,6,3.59281
J_Cardiovasc_Pharmacol,61,3,4.91803
J_Cell_Biochem,80,21,26.25
J_Cell_Biol,24931,1152,4.62075
J_Cell_Commun_Signal,89,3,3.37079
J_Cell_Death,36,2,5.55556
J_Cell_Mol_Med,3909,444,11.3584
J_Cell_Physiol,139,28,20.1439
J_Cell_Sci,391,64,16.3683
J_Cent_Nerv_Syst_Dis,93,2,2.15054
J_Cereb_Blood_Flow_Metab,202,4,1.9802
J_Chem_Ecol,151,3,1.98675
J_Chem_Inf_Model,140,1,0.714286
J_Cheminform,928,1,0.107759
J_Chem_Theory_Comput,290,1,0.344828
JCI_Insight,73,22,30.137
J_Circadian_Rhythms,154,5,3.24675
J_Circ_Biomark,47,1,2.12766
J_Clin_Biochem_Nutr,925,36,3.89189
J_Clin_Bioinforma,125,25,20
J_Clin_Cell_Immunol,78,1,1.28205
J_Clin_Endocrinol_Metab,266,11,4.13534
J_Clin_Exp_Hematop,19,1,5.26316
J_Clin_Immunol,139,1,0.719424
J_Clin_Invest,72,23,31.9444
J_Clin_Med,1954,75,3.83828
J_Clin_Med_Res,1132,4,0.353357
J_Clin_Microbiol,297,57,19.1919
J_Clin_Neurol,844,2,0.236967
J_Clin_Oncol,93,3,3.22581
J_Clin_Pathol,142,8,5.6338
J_Clin_Res_Pediatr_Endocrinol,595,2,0.336134
J_Clin_Transl_Endocrinol,189,1,0.529101
J_Clin_Transl_Hepatol,279,1,0.358423
J_Clin_Transl_Sci,92,1,1.08696
J_Clin_Urol,8,1,12.5
J_Clin_Virol,25,2,8
J_Comp_Neurol,101,3,2.9703
J_Comp_Physiol_A_Neuroethol_Sens_Neural_Behav_Physiol,119,1,0.840336
J_Comp_Physiol_B,54,2,3.7037
J_Comp_Physiol_B,54,2,3.7037
J_Comput_Biol,27,7,25.9259
J_Conserv_Dent,1119,1,0.0893655
JCO_Precis_Oncol,15,4,26.6667
J_Crohns_Colitis,73,5,6.84932
J_Cross_Cult_Gerontol,16,1,6.25
J_Curr_Ophthalmol,254,1,0.393701
J_Cyst_Fibros,17,1,5.88235
J_Cytol_Histol,5,1,20
J_Data_Mining_Genomics_Proteomics,6,1,16.6667
J_Dent_Res_Dent_Clin_Dent_Prospects,397,1,0.251889
J_Dent_Sci,256,8,3.125
J_Dent_(Shiraz),324,0,0
J_Dermatol,58,1,1.72414
J_Dermatol_Sci,4,1,25
J_Dev_Biol,102,5,4.90196
J_Diabetes_Investig,1238,15,1.21163
J_Diabetes_Metab_Disord,416,2,0.480769
J_Diabetes_Res,1496,43,2.87433
J_Digit_Imaging,104,1,0.961538
J_Drug_Alcohol_Res,13,1,7.69231
J_Drug_Deliv,178,2,1.1236
J_Emerg_Dis_Virol,3,1,33.3333
J_Endocrinol,114,7,6.14035
J_Endocrinol_Invest,76,1,1.31579
J_Endocr_Soc,2592,35,1.35031
J_Environ_Public_Health,491,1,0.203666
J_Enzyme_Inhib_Med_Chem,407,12,2.9484
J_Epidemiol,904,7,0.774336
J_Epidemiol_Community_Health,376,3,0.797872
J_Equine_Sci,164,4,2.43902
J_Ethnobiol_Ethnomed,793,1,0.126103
J_Eukaryot_Microbiol,28,5,17.8571
J_Exerc_Nutrition_Biochem,188,6,3.19149
J_Exerc_Rehabil,658,1,0.151976
J_Exp_Biol,79,3,3.79747
J_Exp_Bot,3221,608,18.8761
J_Exp_Clin_Cancer_Res,2039,478,23.4429
J_Exp_Med,23964,1053,4.39409
J_Exp_Neurosci,164,1,0.609756
J_Exp_Orthop,197,4,2.03046
J_Exp_Pharmacol,95,1,1.05263
J_Exp_Zool_B_Mol_Dev_Evol,15,2,13.3333
J_Extracell_Vesicles,286,35,12.2378
J_Family_Community_Med,651,1,0.15361
J_Fish_Biol,15,1,6.66667
J_Foot_Ankle_Res,1154,1,0.0866551
J_Funct_Biomater,356,2,0.561798
J_Fungi_(Basel),323,0,0
J_Gastric_Cancer,370,5,1.35135
J_Gastroenterol,151,6,3.97351
J_Gastroenterol_Hepatol,11,1,9.09091
J_Gene_Med,9,1,11.1111
J_Genet_Eng_Biotechnol,235,23,9.78723
J_Genet_Genome_Res,1,1,100
J_Genet_Genomics,7,2,28.5714
J_Gene_Ther,1,1,100
J_Genet_Syndr_Gene_Ther,13,1,7.69231
J_Gen_Intern_Med,531,7,1.31827
J_Genomics,95,33,34.7368
J_Gen_Physiol,8509,46,0.540604
J_Gen_Virol,405,34,8.39506
J_Geochem_Explor,1,1,100
J_Geophys_Res_Atmos,83,1,1.20482
J_Geriatr_Cardiol,811,4,0.493218
J_Gerontol_A_Biol_Sci_Med_Sci,135,4,2.96296
J_Ginseng_Res,498,21,4.21687
J_Glaucoma,14,1,7.14286
J_Glob_Health,556,3,0.539568
J_Glob_Infect_Dis,555,2,0.36036
J_Glob_Oncol,469,1,0.21322
J_Gynecol_Oncol,614,25,4.07166
J_Headache_Pain,2390,1,0.041841
J_Healthc_Eng,504,1,0.198413
J_Health_Commun,46,1,2.17391
J_Health_Popul_Nutr,802,2,0.249377
J_Health_Serv_Res_Policy,36,1,2.77778
J_Heart_Lung_Transplant,6,1,16.6667
J_Hematol_Oncol,1123,157,13.9804
J_Hematop,69,2,2.89855
J_Hepatocell_Carcinoma,82,1,1.21951
J_Hepatol,58,4,6.89655
J_Hered,26,3,11.5385
J_Hosp_Infect,15,2,13.3333
J_Hum_Genet,117,15,12.8205
J_Hum_Hypertens,117,2,1.7094
J_Hum_Reprod_Sci,546,1,0.18315
J_Huntingtons_Dis,44,1,2.27273
J_Hypertens,107,6,5.60748
J_Immune_Based_Ther_Vaccines,70,1,1.42857
J_Immunoassay_Immunochem,3,1,33.3333
J_Immunol,152,26,17.1053
J_Immunol_Methods,47,3,6.38298
J_Immunol_Res,1514,77,5.08587
J_Immunother_Cancer,1811,79,4.36223
J_Indian_Soc_Periodontol,1227,1,0.0814996
J_Ind_Microbiol_Biotechnol,52,6,11.5385
J_Infect,43,2,4.65116
J_Infect_Dev_Ctries,5,1,20
J_Infect_Dis,691,28,4.0521
J_Inflamm_(Lond),582,0,0
J_Inflamm_Res,214,6,2.80374
J_Inherit_Metab_Dis,235,2,0.851064
J_Innate_Immun,9,1,11.1111
J_Insect_Physiol,13,1,7.69231
J_Insect_Sci,2018,105,5.20317
J_Int_AIDS_Soc,2018,17,0.842418
J_Integr_Bioinform,69,12,17.3913
J_Integr_Plant_Biol,38,10,26.3158
J_Intensive_Care,393,1,0.254453
J_Intern_Med,39,2,5.12821
J_Int_Med_Res,1237,19,1.53597
J_Int_Neuropsychol_Soc,6,1,16.6667
J_Int_Soc_Sports_Nutr,847,4,0.472255
J_Invest_Dermatol,627,76,12.1212
J_Investig_Med,41,1,2.43902
J_Kidney_Cancer_VHL,66,1,1.51515
J_Korean_Assoc_Oral_Maxillofac_Surg,411,1,0.243309
J_Korean_Med_Sci,6036,33,0.54672
J_Korean_Neurosurg_Soc,1149,3,0.261097
J_Lab_Physicians,461,3,0.650759
J_Leukoc_Biol,66,6,9.09091
J_Lipid_Res,263,30,11.4068
J_Lipids,150,6,4
J_Mach_Learn_Res,4,1,25
J_Magn_Reson_Imaging,83,1,1.20482
J_Mammal,29,1,3.44828
J_Mammary_Gland_Biol_Neoplasia,42,4,9.52381
J_Matern_Fetal_Neonatal_Med,19,1,5.26316
J_Mater_Sci_Mater_Med,165,1,0.606061
J_Med_Biochem,205,1,0.487805
J_Med_Case_Rep,2725,2,0.0733945
J_Med_Case_Reports,2071,1,0.0482859
J_Med_Chem,522,10,1.91571
J_Med_Entomol,44,1,2.27273
J_Med_Genet,236,20,8.47458
J_Med_Internet_Res,3272,7,0.213936
J_Med_Life,1143,3,0.262467
J_Med_Microbiol,69,10,14.4928
J_Med_Signals_Sens,269,3,1.11524
J_Med_Virol,44,2,4.54545
J_Membr_Biol,124,3,2.41935
J_Microbiol_Biol_Educ,494,1,0.202429
J_Microbiol_Methods,19,3,15.7895
J_Microsc_Ultrastruct,130,1,0.769231
JMIR_Med_Inform,277,1,0.361011
JMIR_Mhealth_Uhealth,1023,2,0.195503
JMIR_Public_Health_Surveill,310,1,0.322581
JMIR_Rehabil_Assist_Technol,66,1,1.51515
JMIR_Res_Protoc,1262,2,0.158479
JMM_Case_Rep,173,4,2.31214
J_Mol_Biol,258,11,4.26357
J_Mol_Biomark_Diagn,17,1,5.88235
J_Mol_Cell_Biol,62,10,16.129
J_Mol_Cell_Cardiol,98,7,7.14286
J_Mol_Diagn,5,1,20
J_Mol_Endocrinol,53,10,18.8679
J_Mol_Evol,79,5,6.32911
J_Mol_Genet_Med,66,7,10.6061
J_Mol_Histol,27,2,7.40741
J_Mol_Med,49,5,10.2041
J_Mol_Med_(Berl),137,0,0
J_Mol_Neurosci,110,9,8.18182
J_Mol_Psychiatry,38,1,2.63158
J_Mol_Signal,137,15,10.9489
J_Muscle_Res_Cell_Motil,46,2,4.34783
J_Musculoskelet_Neuronal_Interact,239,1,0.41841
J_Nanobiotechnology,783,20,2.55428
J_Natl_Cancer_Inst,234,36,15.3846
J_Nat_Med,51,3,5.88235
J_Nat_Prod,111,4,3.6036
JNCI_Cancer_Spectr,35,1,2.85714
J_Negat_Results_Biomed,217,8,3.68664
J_Nephropathol,106,1,0.943396
J_Neural_Transm,92,3,3.26087
J_Neurochem,137,11,8.0292
J_Neurodegener_Dis,36,1,2.77778
J_Neurodev_Disord,378,10,2.6455
J_Neuroendocrinol,75,10,13.3333
J_Neuroeng_Rehabil,1158,1,0.0863558
J_Neurogastroenterol_Motil,830,4,0.481928
J_Neurogenet,15,2,13.3333
J_Neuroimaging_Psychiatry_Neurol,6,1,16.6667
J_Neuroimmune_Pharmacol,61,4,6.55738
J_Neuroinflammation,2459,221,8.98739
J_Neurol,564,3,0.531915
J_Neurol_Neurosurg_Psychiatry,342,2,0.584795
J_Neurol_Sci,25,2,8
J_Neuromuscul_Dis,111,2,1.8018
J_Neurooncol,265,30,11.3208
J_Neuropathol_Exp_Neurol,57,5,8.77193
J_Neurophysiol,195,1,0.512821
J_Neurosci,198,12,6.06061
J_Neurosci_Res,40,2,5
J_Neurovirol,58,3,5.17241
J_Nucleic_Acids,226,20,8.84956
J_Nurs_Res,20,1,5
J_Nutr,170,3,1.76471
J_Nutr_Health_Aging,28,1,3.57143
J_Nutr_Metab,416,8,1.92308
J_Nutr_Sci,337,5,1.48368
J_Obes,682,2,0.293255
J_Obes_Metab_Syndr,108,1,0.925926
J_Obstet_Gynaecol_Res,33,1,3.0303
J_Occup_Environ_Med,116,1,0.862069
J_Occup_Med_Toxicol,486,1,0.205761
J_Ocul_Biol_Dis_Infor,47,5,10.6383
J_Oncol,716,35,4.88827
J_Oncopathol_Clin_Res,2,1,50
J_Open_Res_Softw,8,1,12.5
J_Ophthalmic_Inflamm_Infect,324,1,0.308642
J_Ophthalmic_Vis_Res,849,1,0.117786
J_Ophthalmol,1768,18,1.0181
J_Oral_Maxillofac_Pathol,1069,1,0.0935454
J_Oral_Microbiol,301,22,7.30897
J_Oral_Pathol_Med,12,2,16.6667
J_Orthop_Res,83,2,2.40964
J_Orthop_Sci,128,2,1.5625
J_Orthop_Surg,96,2,2.08333
J_Orthop_Surg_Res,1518,21,1.3834
J_Orthop_Translat,164,2,1.21951
J_Ovarian_Res,748,73,9.75936
J_Pain_Res,1386,9,0.649351
J_Parasitol_Res,289,9,3.11419
J_Parkinsons_Dis,149,1,0.671141
J_Pathog,157,7,4.4586
J_Pathol,198,56,28.2828
J_Pathol_Clin_Res,111,19,17.1171
J_Pathol_Inform,489,23,4.70348
J_Pathol_Transl_Med,336,8,2.38095
J_Perinatol,299,1,0.334448
J_Periodontal_Implant_Sci,424,6,1.41509
J_Pers_Med,220,13,5.90909
J_Pharmacol_Exp_Ther,32,1,3.125
J_Pharmacopuncture,255,4,1.56863
J_Pharm_Anal,480,2,0.416667
J_Pharm_Health_Care_Sci,144,1,0.694444
J_Phycol,25,3,12
J_Phys_Chem_A,88,1,1.13636
J_Phys_Chem_B,341,1,0.293255
J_Physiol,378,10,2.6455
J_Physiol_Anthropol,254,5,1.9685
J_Physiol_Sci,70,1,1.42857
J_Phys_Ther_Sci,3227,8,0.247908
J_Pineal_Res,14,3,21.4286
J_Plant_Res,65,9,13.8462
Jpn_Clin_Med,61,1,1.63934
Jpn_J_Clin_Oncol,110,1,0.909091
J_Prev_Med_Hyg,240,4,1.66667
J_Prev_Med_Public_Health,365,1,0.273973
J_Proteome_Res,313,23,7.34824
J_Proteomics,40,3,7.5
J_Proteomics_Bioinform,37,3,8.10811
J_Public_Health_Africa,132,1,0.757576
J_Radiat_Res,971,18,1.85376
J_Renin_Angiotensin_Aldosterone_Syst,114,8,7.01754
J_Reprod_Dev,511,64,12.5245
J_Reprod_Infertil,341,1,0.293255
J_Res_Med_Sci,1799,6,0.333519
J_Res_Natl_Inst_Stand_Technol,1007,2,0.19861
J_RNAi_Gene_Silencing,69,15,21.7391
JRSM_Cardiovasc_Dis,106,1,0.943396
J_R_Soc_Interface,631,11,1.74326
J_R_Stat_Soc_Series_B_Stat_Methodol,6,1,16.6667
J_Rural_Med,151,3,1.98675
J_S_Afr_Vet_Assoc,98,3,3.06122
J_Sci_Food_Agric,52,1,1.92308
J_Signal_Transduct,112,6,5.35714
J_Skin_Cancer,167,3,1.79641
JSLS,2080,1,0.0480769
J_Smooth_Muscle_Res,57,1,1.75439
J_Stem_Cells_Regen_Med,137,6,4.37956
J_Steroid_Biochem_Mol_Biol,18,1,5.55556
J_Struct_Biol,81,1,1.23457
J_Struct_Funct_Genomics,51,4,7.84314
J_Synchrotron_Radiat,600,1,0.166667
J_Thorac_Oncol,45,1,2.22222
J_Thromb_Haemost,96,4,4.16667
J_Thromb_Thrombolysis,114,1,0.877193
J_Thyroid_Res,234,1,0.42735
J_Tissue_Eng,229,7,3.05677
J_Tissue_Eng_Regen_Med,51,5,9.80392
J_Toxicol,298,3,1.00671
J_Toxicol_Pathol,409,2,0.488998
J_Tradit_Complement_Med,407,1,0.2457
J_Transl_Med,3756,336,8.94569
J_Transplant,246,3,1.21951
J_Trop_Med,346,7,2.02312
Jundishapur_J_Microbiol,578,53,9.16955
J_Urban_Health,118,1,0.847458
J_Urol,5,1,20
J_Venom_Anim_Toxins_Incl_Trop_Dis,287,6,2.09059
J_Venom_Res,49,2,4.08163
J_Vet_Intern_Med,1354,17,1.25554
J_Vet_Med,96,2,2.08333
J_Vet_Med_Sci,1791,124,6.92351
J_Vet_Res,188,10,5.31915
J_Vet_Sci,993,27,2.71903
J_Viral_Hepat,62,3,4.83871
J_Virol,524,129,24.6183
J_Virol_Methods,26,5,19.2308
J_Virus_Erad,250,3,1.2
J_Vis_Exp,2092,31,1.48184
J_Xenobiot,30,1,3.33333
Kardiochir_Torakochirurgia_Pol,386,1,0.259067
Kidney_Blood_Press_Res,10,1,10
Kidney_Cancer,26,7,26.9231
Kidney_Int,440,16,3.63636
Kidney_Int_Rep,554,2,0.361011
Kidney_Res_Clin_Pract,383,3,0.78329
Kinetoplastid_Biol_Dis,46,2,4.34783
Knee_Surg_Sports_Traumatol_Arthrosc,325,1,0.307692
Korean_Circ_J,1345,4,0.297398
Korean_J_Anesthesiol,1668,1,0.059952
Korean_J_Food_Sci_Anim_Resour,556,12,2.15827
Korean_J_Intern_Med,2190,7,0.319635
Korean_J_Lab_Med,57,2,3.50877
Korean_J_Ophthalmol,1043,1,0.0958773
Korean_J_Parasitol,825,44,5.33333
Korean_J_Pediatr,821,1,0.121803
Korean_J_Physiol_Pharmacol,566,12,2.12014
Korean_J_Radiol,1850,2,0.108108
Korean_J_Urol,934,3,0.321199
Lab_Anim_Res,313,12,3.83387
Lab_Invest,239,29,12.1339
Lancet,435,2,0.45977
Lancet_Gastroenterol_Hepatol,13,2,15.3846
Lancet_Glob_Health,187,1,0.534759
Lancet_Infect_Dis,144,4,2.77778
Lancet_Oncol,102,3,2.94118
Lancet_Respir_Med,38,8,21.0526
Langmuir,261,1,0.383142
Laryngorhinootologie,9,2,22.2222
Laryngoscope_Investig_Otolaryngol,217,4,1.84332
Lasers_Med_Sci,70,3,4.28571
Lett_Appl_Microbiol,7,1,14.2857
Leukemia,868,141,16.2442
Leuk_Lymphoma,31,1,3.22581
Leuk_Res_Rep,145,1,0.689655
Libyan_J_Med,445,3,0.674157
Life_(Basel),414,0,0
Life_Sci,6,1,16.6667
Life_Sci_Alliance,176,68,38.6364
Life_Sci_Space_Res_(Amst),1,0,0
Limnol_Oceanogr_Methods,5,1,20
Lipids,71,3,4.22535
Lipids_Health_Dis,2298,102,4.43864
Liver_Int,75,3,4
Longev_Healthspan,35,1,2.85714
Luminescence,3,1,33.3333
Lung_Cancer_(Auckl),85,0,0
Lung_Cancer_Int,29,1,3.44828
Lung_Cancer_Manag,15,1,6.66667
Lupus_(Los_Angel),2,0,0
Lupus_Sci_Med,198,2,1.0101
MAbs,409,9,2.20049
Malar_J,6067,187,3.08225
Malawi_Med_J,112,2,1.78571
Mamm_Genome,184,21,11.413
Mar_Biodivers,5,2,40
Mar_Biol,143,4,2.7972
Mar_Biotechnol_(NY),53,0,0
Mar_Drugs,3252,149,4.5818
Mar_Environ_Res,1,1,100
Mar_Genomics,3,2,66.6667
Materials_(Basel),9033,0,0
Mater_Sociomed,594,1,0.16835
Matrix_Biol,47,3,6.38298
Maxillofac_Plast_Reconstr_Surg,251,1,0.398406
Mayo_Clin_Proc_Innov_Qual_Outcomes,120,1,0.833333
mBio,3498,740,21.1549
Mech_Dev,16,2,12.5
Medchemcomm,59,1,1.69492
Med_Chem_Res,58,1,1.72414
Med_Educ_Online,521,1,0.191939
Med_Epigenet,2,1,50
Med_Gas_Res,259,2,0.772201
Med_Health_Care_Philos,139,1,0.719424
Mediators_Inflamm,4020,161,4.00498
Medicina_(Kaunas),325,0,0
Medicine_(Baltimore),15804,0,0
Medicines_(Basel),330,0,0
Mediterr_J_Hematol_Infect_Dis,666,5,0.750751
Med_J_Islam_Repub_Iran,843,7,0.830368
Med_Microbiol_Immunol,50,3,6
Med_Mycol_Case_Rep,291,2,0.687285
Med_Oncol,137,8,5.83942
Med_Oral_Patol_Oral_Cir_Bucal,912,1,0.109649
Med_Princ_Pract,530,1,0.188679
Med_Sci_(Basel),260,0,0
Med_Sci_Monit,4683,287,6.12855
Med_Sci_Monit_Basic_Res,226,11,4.86726
Med_Sci_Sports_Exerc,77,1,1.2987
Melanoma_Res,31,4,12.9032
Membranes_(Basel),517,0,0
Mem_Inst_Oswaldo_Cruz,876,66,7.53425
Memo,73,3,4.10959
Metab_Brain_Dis,73,1,1.36986
Metab_Eng,17,1,5.88235
Metab_Eng_Commun,75,18,24
Metabolites,526,15,2.85171
Metabolomics,306,6,1.96078
Metab_Syndr_Relat_Disord,8,1,12.5
Meta_Gene,224,23,10.2679
Metallomics,17,1,5.88235
Methods,78,11,14.1026
Methods_Appl_Fluoresc,4,1,25
Methods_Ecol_Evol,43,3,6.97674
Methods_Inf_Med,25,1,4
Methods_Protoc,72,2,2.77778
MethodsX,498,7,1.40562
Microarrays_(Basel),129,0,0
Microb_Biotechnol,1175,118,10.0426
Microb_Cell,340,20,5.88235
Microb_Cell_Fact,1961,435,22.1826
Microb_Drug_Resist,28,6,21.4286
Microb_Ecol,128,25,19.5312
Microb_Ecol_Health_Dis,135,1,0.740741
Microbes_Environ,482,96,19.917
Microb_Genom,243,137,56.3786
Microb_Inform_Exp,28,3,10.7143
Microbiol_Insights,51,4,7.84314
Microbiology,231,62,26.8398
Microbiologyopen,779,187,24.0051
Microbiol_Resour_Announc,900,717,79.6667
Microbiome,723,391,54.0802
Micromachines_(Basel),1636,0,0
Microorganisms,513,70,13.6452
Microrna,7,1,14.2857
Microsc_Res_Tech,10,1,10
Microsyst_Nanoeng,156,1,0.641026
Middle_East_J_Dig_Dis,316,1,0.316456
Mil_Med_Res,205,1,0.487805
Mitochondrion,25,2,8
MMWR_Morb_Mortal_Wkly_Rep,1958,1,0.0510725
MNI_Open_Res,3,1,33.3333
Mob_DNA,259,56,21.6216
Mob_Genet_Elements,135,6,4.44444
Mod_Pathol,160,16,10
Mol_Autism,443,34,7.67494
Mol_Biochem_Parasitol,77,9,11.6883
Mol_Biol_Cell,3597,435,12.0934
Mol_Biol_Evol,912,213,23.3553
Mol_Biol_Int,109,8,7.33945
Mol_Biol_(Los_Angel),2,0,0
Mol_Biol_Rep,155,23,14.8387
Mol_Biol_Res_Commun,109,3,2.75229
Mol_Biosyst,22,2,9.09091
Mol_Biotechnol,47,4,8.51064
Mol_Brain,732,55,7.51366
Mol_Breed,137,19,13.8686
Mol_Cancer,2289,531,23.1979
Mol_Cancer_Ther,3,1,33.3333
Mol_Carcinog,38,14,36.8421
Mol_Cell,368,126,34.2391
Mol_Cell_Biochem,134,11,8.20896
Mol_Cell_Biol,98,35,35.7143
Mol_Cell_Endocrinol,40,4,10
Mol_Cell_Neurosci,38,4,10.5263
Mol_Cell_Oncol,297,17,5.72391
Mol_Cell_Pediatr,148,1,0.675676
Mol_Cell_Probes,2,1,50
Mol_Cell_Proteomics,459,35,7.62527
Mol_Cells,642,95,14.7975
Mol_Clin_Oncol,373,9,2.41287
Mol_Cytogenet,859,29,3.37602
Mol_Diagn_Ther,40,4,10
Mol_Ecol,173,60,34.6821
Mol_Ecol_Resour,47,15,31.9149
Molecules,16850,359,2.13056
Mol_Endocrinol,24,7,29.1667
Mol_Genet_Genomic_Med,748,51,6.81818
Mol_Genet_Genomics,86,23,26.7442
Mol_Genet_Metab,25,3,12
Mol_Genet_Metab_Rep,485,7,1.4433
Mol_Hum_Reprod,82,11,13.4146
Mol_Imaging_Biol,147,1,0.680272
Mol_Imaging_Radionucl_Ther,228,1,0.438596
Mol_Immunol,48,5,10.4167
Mol_Med,98,17,17.3469
Mol_Med_Rep,3747,797,21.2703
Mol_Metab,702,99,14.1026
Mol_Microbiol,472,108,22.8814
Mol_Neurobiol,310,37,11.9355
Mol_Neurodegener,936,77,8.2265
Mol_Nutr_Food_Res,98,12,12.2449
Mol_Oncol,432,173,40.0463
Mol_Oral_Microbiol,11,1,9.09091
Mol_Pain,1151,45,3.90964
Mol_Pharm,192,3,1.5625
Mol_Pharmacol,30,5,16.6667
Mol_Phylogenet_Evol,15,3,20
Mol_Plant,51,11,21.5686
Mol_Plant_Pathol,25,6,24
Mol_Psychiatry,826,74,8.95884
Mol_Reprod_Dev,24,4,16.6667
Mol_Syst_Biol,1084,246,22.6937
Mol_Ther,242,37,15.2893
Mol_Ther_Methods_Clin_Dev,495,66,13.3333
Mol_Ther_Nucleic_Acids,906,193,21.3024
Mol_Ther_Oncolytics,182,29,15.9341
Mol_Vis,2641,294,11.1321
Mov_Disord,145,2,1.37931
Mov_Ecol,172,3,1.74419
mSphere,848,286,33.7264
mSystems,421,173,41.0926
Mucosal_Immunol,456,54,11.8421
Multidiscip_Respir_Med,447,2,0.447427
Mult_Scler,141,2,1.41844
Mult_Scler_Relat_Disord,2,1,50
Muscle_Nerve,52,3,5.76923
Mutagenesis,32,2,6.25
Mutat_Res,13,1,7.69231
Mycobiology,787,19,2.41423
MycoKeys,151,5,3.31126
Mycology,138,5,3.62319
Mycol_Prog,7,2,28.5714
Mycopathologia,49,2,4.08163
Mycorrhiza,42,1,2.38095
Nagoya_J_Med_Sci,418,6,1.43541
N_Am_J_Med_Sci,916,1,0.10917
Nanobiomedicine_(Rij),44,0,0
Nano_Lett,359,1,0.278552
Nanomaterials_(Basel),2841,0,0
Nanoscale_Res_Lett,5657,8,0.141418
Nanotheranostics,84,1,1.19048
Nanotoxicology,30,4,13.3333
Nat_Biomed_Eng,65,9,13.8462
Nat_Biotechnol,357,120,33.6134
Nat_Cell_Biol,525,183,34.8571
Nat_Chem_Biol,556,69,12.4101
Nat_Clim_Chang,21,1,4.7619
Nat_Commun,22091,4331,19.6053
Nat_Ecol_Evol,76,29,38.1579
Nat_Genet,846,353,41.7258
Nat_Immunol,529,207,39.1304
Nat_Mater,115,4,3.47826
Nat_Med,619,203,32.7948
Nat_Metab,5,3,60
Nat_Methods,616,154,25
Nat_Microbiol,133,49,36.8421
Nat_Nanotechnol,117,1,0.854701
Nat_Neurosci,1050,128,12.1905
Nat_Phys,56,1,1.78571
Nat_Plants,27,8,29.6296
Nat_Prod_Bioprospect,319,2,0.626959
Nat_Sci_Sleep,212,1,0.471698
Nat_Struct_Mol_Biol,783,129,16.4751
Nature,2785,901,32.3519
Naturwissenschaften,85,1,1.17647
Naunyn_Schmiedebergs_Arch_Pharmacol,103,2,1.94175
N_Biotechnol,11,1,9.09091
N_Engl_J_Med,21,2,9.52381
Neoplasia,516,150,29.0698
Nephrol_Dial_Transplant,268,3,1.1194
Neural_Dev,318,32,10.0629
Neural_Develop,61,8,13.1148
Neural_Plast,1462,17,1.16279
Neural_Regen_Res,3016,7,0.232095
Neurobiol_Aging,158,6,3.79747
Neurobiol_Dis,88,10,11.3636
Neurobiol_Learn_Mem,14,1,7.14286
Neurobiol_Stress,133,1,0.75188
Neurochem_Res,131,4,3.05344
Neurogastroenterol_Motil,31,1,3.22581
Neurogenesis_(Austin),40,0,0
Neurogenetics,60,6,10
Neuroimage,680,1,0.147059
Neuroimage_Clin,1681,5,0.297442
Neuroinformatics,58,2,3.44828
Neurol_Genet,326,8,2.45399
Neurol_Med_Chir_(Tokyo),614,0,0
Neurol_Neuroimmunol_Neuroinflamm,546,2,0.3663
Neurology,454,4,0.881057
Neurol_Res_Int,242,1,0.413223
Neurol_Sci,85,2,2.35294
Neurol_Ther,134,2,1.49254
Neuromolecular_Med,34,2,5.88235
Neuron,310,23,7.41935
Neuro_Oncol,71,16,22.5352
Neuropathol_Appl_Neurobiol,59,2,3.38983
Neuropeptides,4,1,25
Neuropsychiatr_Dis_Treat,2724,15,0.550661
Neuropsychol_Rev,39,1,2.5641
Neuropsychopharmacology,246,7,2.84553
Neuroradiology,117,2,1.7094
Neuroreport,123,2,1.62602
Neurosci_Bull,43,1,2.32558
Neuroscience,125,4,3.2
Neurosci_Lett,57,1,1.75439
Neurosurgery,53,2,3.77358
Neurotherapeutics,75,1,1.33333
Neurotox_Res,120,2,1.66667
New_Microbes_New_Infect,557,17,3.05206
New_Phytol,318,65,20.4403
Nicotine_Tob_Res,107,1,0.934579
NMC_Case_Rep_J,142,1,0.704225
Noncoding_RNA,131,33,25.1908
Noncoding_RNA_Res,63,5,7.93651
NPJ_Aging_Mech_Dis,66,15,22.7273
NPJ_Biofilms_Microbiomes,124,27,21.7742
NPJ_Breast_Cancer,150,48,32
NPJ_Digit_Med,135,3,2.22222
NPJ_Genom_Med,124,34,27.4194
NPJ_Microgravity,115,10,8.69565
NPJ_Parkinsons_Dis,122,3,2.45902
NPJ_Precis_Oncol,86,22,25.5814
NPJ_Regen_Med,87,7,8.04598
NPJ_Schizophr,128,9,7.03125
NPJ_Syst_Biol_Appl,130,41,31.5385
NPJ_Vaccines,137,11,8.0292
Nucleic_Acids_Res,19165,3895,20.3235
Nucleic_Acid_Ther,34,3,8.82353
Nucleosides_Nucleotides_Nucleic_Acids,8,1,12.5
Nucleus,210,20,9.52381
Nucl_Recept,21,3,14.2857
Nucl_Receptor_Res,12,1,8.33333
Nucl_Recept_Signal,99,12,12.1212
Nutr_Diabetes,376,12,3.19149
Nutrients,7237,196,2.7083
Nutr_J,1343,5,0.372301
Nutr_Metab_Insights,97,2,2.06186
Nutr_Metab_(Lond),1005,0,0
Nutr_Neurosci,8,1,12.5
Nutr_Res_Pract,883,7,0.792752
N_Z_Vet_J,11,1,9.09091
Obes_Facts,187,2,1.06952
Obesity_(Silver_Spring),761,0,0
Obstet_Gynecol_Int,436,6,1.37615
Obstet_Gynecol_Sci,584,1,0.171233
Occup_Environ_Med,184,1,0.543478
Odontology,17,1,5.88235
Oecologia,265,4,1.50943
OMICS,19,5,26.3158
Oncogene,1912,666,34.8326
Oncogenesis,514,181,35.214
Oncoimmunology,1411,94,6.66194
Oncol_Hematol_Rev,1,1,100
Oncol_Lett,5539,746,13.4681
Oncologist,380,4,1.05263
Oncol_Rep,1056,270,25.5682
Oncol_Ther,35,1,2.85714
Oncolytic_Virother,59,3,5.08475
Oncoscience,468,46,9.82906
Oncotarget,25159,5262,20.915
Onco_Targets_Ther,3784,470,12.4207
Onderstepoort_J_Vet_Res,120,6,5
One_Health,94,2,2.12766
Online_J_Public_Health_Inform,1430,2,0.13986
Open_Access_Maced_J_Med_Sci,1319,11,0.833965
Open_Biochem_J,129,8,6.20155
Open_Biol,699,110,15.7368
Open_Biomed_Eng_J,222,1,0.45045
Open_Bone_J,3,1,33.3333
Open_Cardiovasc_Med_J,285,2,0.701754
Open_Dent_J,592,1,0.168919
Open_Forum_Infect_Dis,6190,28,0.452342
Open_J_Anim_Sci,3,1,33.3333
Open_Med,199,1,0.502513
Open_Med_(Wars),395,0,0
Open_Microbiol_J,263,24,9.12548
Open_Neurol_J,141,3,2.12766
Open_Ophthalmol_J,292,2,0.684932
Open_Orthop_J,841,2,0.237812
Open_Rheumatol_J,218,1,0.458716
Open_Vet_J,310,10,3.22581
Open_Virol_J,156,10,6.41026
Ophthalmol_Eye_Dis,70,2,2.85714
Ophthalmol_Ther,183,2,1.0929
Oral_Oncol,7,1,14.2857
Organogenesis,34,3,8.82353
Orphanet_J_Rare_Dis,2039,21,1.02992
Orthop_J_Sports_Med,2757,1,0.0362713
Osong_Public_Health_Res_Perspect,507,15,2.95858
Osteoarthritis_Cartilage,82,5,6.09756
Oxid_Med_Cell_Longev,3427,180,5.25241
Pac_Symp_Biocomput,42,17,40.4762
Pain,231,8,3.4632
Pain_Res_Manag,400,3,0.75
Pak_J_Med_Sci,2010,9,0.447761
Pan_Afr_Med_J,6008,7,0.116511
Pancreas,69,3,4.34783
Papillomavirus_Res,169,5,2.95858
Parasite,500,34,6.8
Parasite_Immunol,86,1,1.16279
Parasitol_Int,6,2,33.3333
Parasitology,132,6,4.54545
Parasitol_Res,239,16,6.69456
Parasit_Vectors,4792,377,7.86728
Parkinsons_Dis,593,8,1.34907
Part_Fibre_Toxicol,599,31,5.17529
Pathobiol_Aging_Age_Relat_Dis,63,1,1.5873
Pathog_Dis,40,5,12.5
Pathogenetics,15,3,20
Pathogens,426,28,6.57277
Pathog_Glob_Health,34,2,5.88235
Pathog_Immun,67,3,4.47761
Pathol_Int,10,2,20
Patholog_Res_Int,246,2,0.813008
Pathol_Oncol_Res,67,5,7.46269
Patient_Prefer_Adherence,1651,1,0.0605694
Patient_Saf_Surg,391,1,0.255754
Pediatr_Dermatol,19,1,5.26316
Pediatr_Investig,1,1,100
Pediatr_Res,371,10,2.69542
Pediatr_Rheumatol_Online_J,2806,4,0.142552
Peerj,72,8,11.1111
PeerJ,7173,952,13.272
Peptides,16,1,6.25
Per_Med,8,2,25
Persoonia,251,14,5.57769
Pestic_Biochem_Physiol,3,3,100
Pest_Manag_Sci,79,4,5.06329
Pflugers_Arch,264,14,5.30303
Pharmaceuticals_(Basel),912,0,0
Pharmaceutics,859,7,0.814901
Pharmacogenet_Genomics,20,4,20
Pharmacogenomics,5,1,20
Pharmacogenomics_J,154,24,15.5844
Pharmacogn_Mag,1052,10,0.95057
Pharmacognosy_Res,515,2,0.38835
Pharmacol_Res,16,1,6.25
Pharmacol_Res_Perspect,480,21,4.375
Pharmacol_Rev,17,1,5.88235
Pharmacy_(Basel),300,0,0
Pharm_Biol,376,8,2.12766
Pharmgenomics_Pers_Med,192,9,4.6875
Pharm_Res,292,2,0.684932
Philos_Trans_R_Soc_Lond_B_Biol_Sci,960,21,2.1875
Photochem_Photobiol,8,1,12.5
Photosynth_Res,132,6,4.54545
Physiol_Genomics,35,6,17.1429
Physiol_Mol_Plant_Pathol,1,1,100
Physiol_Plant,13,3,23.0769
Physiol_Rep,2382,152,6.38119
Phytochemistry,15,3,20
PhytoKeys,652,7,1.07362
Phytother_Res,27,1,3.7037
Pigment_Cell_Melanoma_Res,37,3,8.10811
Pilot_Feasibility_Stud,475,3,0.631579
Placenta,50,2,4
Planta,196,31,15.8163
Plant_Biol_(Stuttg),14,0,0
Plant_Biotechnol_J,587,139,23.6797
Plant_Cell_Environ,62,6,9.67742
Plant_Cell_Physiol,218,45,20.6422
Plant_Cell_Rep,101,19,18.8119
Plant_Cell_Tissue_Organ_Cult,4,1,25
Plant_Direct,137,41,29.927
Plant_Divers,141,11,7.80142
Plant_J,218,57,26.1468
Plant_Methods,727,94,12.9298
Plant_Mol_Biol,153,49,32.0261
Plant_Mol_Biol_Report,44,15,34.0909
Plant_Pathol,12,1,8.33333
Plant_Pathol_J,396,68,17.1717
Plant_Physiol_Biochem,9,1,11.1111
Plant_Reprod,33,4,12.1212
Plants_(Basel),483,0,0
Plant_Signal_Behav,279,16,5.73477
Plant_Soil,36,2,5.55556
Plasmid,9,2,22.2222
Plast_Reconstr_Surg_Glob_Open,3865,2,0.0517464
Plast_Surg_Int,143,1,0.699301
PLoS_Biol,5320,522,9.81203
PLoS_Comput_Biol,6590,446,6.76783
PLoS_Curr,698,10,1.43266
PLoS_Genet,8117,2331,28.7175
PLoS_Med,3876,79,2.03818
PLoS_Negl_Trop_Dis,7196,616,8.56031
PLoS_One,220376,22490,10.2053
PLoS_Pathog,7526,1297,17.2336
Polymers_(Basel),3517,0,0
Popul_Health_Metr,411,1,0.243309
Porcine_Health_Manag,123,2,1.62602
Postepy_Dermatol_Alergol,625,2,0.32
Poult_Sci,183,11,6.01093
PPAR_Res,569,36,6.32689
Pract_Lab_Med,117,3,2.5641
Precis_Clin_Med,7,1,14.2857
Prenat_Diagn,73,2,2.73973
Prev_Chronic_Dis,2406,1,0.0415628
Prev_Nutr_Food_Sci,357,5,1.40056
Prion,115,2,1.73913
Proc_Biol_Sci,1032,33,3.19767
Processes_(Basel),7,0,0
Proc_Jpn_Acad_Ser_B_Phys_Biol_Sci,518,7,1.35135
Proc_Math_Phys_Eng_Sci,260,1,0.384615
Proc_Natl_Acad_Sci_U_S_A,2132,346,16.2289
Prog_Biomater,114,1,0.877193
Prog_Biophys_Mol_Biol,24,1,4.16667
Prog_Neuropsychopharmacol_Biol_Psychiatry,5,1,20
Prog_Orthod,297,1,0.3367
Prostate,58,5,8.62069
Prostate_Cancer,145,2,1.37931
Prostate_Cancer_Prostatic_Dis,116,5,4.31034
Prostate_Int,179,3,1.67598
Protein_Cell,593,53,8.93761
Protein_Eng_Des_Sel,73,4,5.47945
Protein_Expr_Purif,29,7,24.1379
Protein_J,19,3,15.7895
Protein_Pept_Lett,19,2,10.5263
Proteins,96,1,1.04167
Protein_Sci,107,4,3.73832
Proteomes,208,10,4.80769
Proteome_Sci,630,22,3.49206
Proteomics,129,9,6.97674
Proteomics_Clin_Appl,39,3,7.69231
Protist,8,2,25
Protoplasma,155,7,4.51613
Prz_Menopauzalny,226,2,0.884956
Psychiatr_Genet,15,1,6.66667
Psychiatry_Investig,957,6,0.626959
Psychiatry_J,138,1,0.724638
Psychol_Med,270,4,1.48148
Psychoneuroendocrinology,44,1,2.27273
Psychopharmacology_(Berl),491,0,0
Psychosoc_Med,100,2,2
Psychosom_Med,34,1,2.94118
Pulm_Circ,493,8,1.62272
Pulm_Med,244,1,0.409836
Purinergic_Signal,214,4,1.86916
Q_J_R_Meteorol_Soc,14,1,7.14286
Qual_Life_Res,446,5,1.12108
Radiat_Environ_Biophys,55,1,1.81818
Radiat_Oncol,2354,21,0.892099
Radiologe,2,1,50
Radiology,14,1,7.14286
Radiol_Oncol,512,7,1.36719
Rambam_Maimonides_Med_J,319,1,0.31348
Rare_Cancers_Ther,9,1,11.1111
Rare_Dis,87,1,1.14943
Redox_Biol,1118,93,8.31843
Redox_Rep,2,1,50
Regen_Biomater,163,2,1.22699
Regeneration_(Oxf),63,0,0
Regen_Ther,160,10,6.25
Ren_Fail,281,7,2.4911
Reprod_Biol_Endocrinol,1804,141,7.81596
Reprod_Health,1150,1,0.0869565
Reprod_Med_Biol,172,3,1.74419
Reproduction,71,11,15.493
Res_Lett_Biochem,9,1,11.1111
Res_Microbiol,11,1,9.09091
Res_Pharm_Sci,420,7,1.66667
Respir_Med_Case_Rep,897,1,0.111483
Respir_Res,2568,144,5.60748
Res_Rep_Urol,187,2,1.06952
Results_Immunol,17,2,11.7647
Retrovirology,4066,201,4.94343
Rev_Bras_Hematol_Hemoter,722,3,0.415512
Rev_Inst_Med_Trop_Sao_Paulo,541,12,2.21811
Rev_Med_Microbiol,3,1,33.3333
Rev_Saude_Publica,691,6,0.868307
Rheumatol_Int,213,1,0.469484
Rheumatology_(Oxford),326,0,0
Rice_(N_Y),380,0,0
Risk_Manag_Healthc_Policy,200,1,0.5
RMD_Open,474,1,0.21097
RNA_Biol,420,77,18.3333
RSC_Adv,84,3,3.57143
R_Soc_Open_Sci,2805,68,2.42424
S_Afr_J_Psychiatr,127,1,0.787402
SAHARA_J,117,3,2.5641
Saline_Systems,75,6,8
Sarcoma,677,9,1.32939
Saudi_J_Gastroenterol,871,6,0.688863
Saudi_J_Med_Med_Sci,192,1,0.520833
Saudi_Med_J,1238,2,0.161551
Scand_J_Gastroenterol,39,1,2.5641
Scand_J_Med_Sci_Sports,18,1,5.55556
Scand_J_Trauma_Resusc_Emerg_Med,1441,1,0.0693963
Scanning,119,1,0.840336
Schizophr_Bull,1273,4,0.314218
Schizophr_Res,69,2,2.89855
Sci_Adv,3104,208,6.70103
Sci_Data,954,218,22.8512
Science,23,4,17.3913
Scientifica_(Cairo),578,0,0
ScientificWorldJournal,9814,104,1.05971
Sci_Pharm,507,1,0.197239
Sci_Rep,93262,8970,9.61807
Sci_Technol_Adv_Mater,585,1,0.17094
Sci_Total_Environ,67,1,1.49254
Sci_Transl_Med,12,1,8.33333
Scoliosis_Spinal_Disord,115,2,1.73913
Semin_Cancer_Biol,10,1,10
Semin_Immunopathol,97,1,1.03093
Sensors_(Basel),19971,0,0
Sex_Med,221,1,0.452489
Sex_Plant_Reprod,8,1,12.5
Sex_Transm_Infect,321,3,0.934579
Shanghai_Arch_Psychiatry,406,1,0.246305
Shock,56,1,1.78571
Signal_Transduct_Target_Ther,111,17,15.3153
Silence,33,3,9.09091
Skelet_Muscle,292,47,16.0959
SLAS_Technol,9,1,11.1111
Sleep,48,1,2.08333
Small_GTPases,123,3,2.43902
Soc_Psychiatry_Psychiatr_Epidemiol,222,3,1.35135
Source_Code_Biol_Med,177,18,10.1695
South_Afr_J_HIV_Med,121,1,0.826446
Spermatogenesis,63,2,3.1746
Springerplus,4672,107,2.29024
Stand_Genomic_Sci,822,249,30.292
Stat_Anal_Data_Min,1,1,100
Stat_Med,241,2,0.829876
Stat_Methods_Med_Res,67,1,1.49254
Stem_Cell_Reports,1263,451,35.7086
Stem_Cell_Res,89,20,22.4719
Stem_Cell_Res_Ther,1780,225,12.6404
Stem_Cell_Res_Ther_(Walnut),1,0,0
Stem_Cell_Rev,117,15,12.8205
Stem_Cells,217,34,15.6682
Stem_Cells_Cloning,83,4,4.81928
Stem_Cells_Dev,71,10,14.0845
Stem_Cells_Int,1830,164,8.96175
Stem_Cells_Transl_Med,438,27,6.16438
Stroke,132,1,0.757576
Stroke_Res_Treat,298,1,0.33557
Struct_Dyn,249,2,0.803213
Structure,201,11,5.47264
Stud_Mycol,217,14,6.45161
Subst_Abuse,184,1,0.543478
Subst_Abuse_Treat_Prev_Policy,541,1,0.184843
Summit_on_Translat_Bioinforma,69,2,2.89855
Surg_Case_Rep,665,2,0.300752
Surg_Endosc,420,1,0.238095
Surg_Neurol_Int,2284,7,0.30648
Symbiosis,32,2,6.25
Synth_Syst_Biotechnol,126,12,9.52381
Syst_Biol,156,10,6.41026
Syst_Rev,1417,8,0.564573
Syst_Synth_Biol,61,1,1.63934
Tanaffos,375,1,0.266667
Technol_Cancer_Res_Treat,375,34,9.06667
Technol_Health_Care,93,4,4.30108
Technology_(Singap_World_Sci),1,0,0
Temperature_(Austin),237,0,0
Theor_Appl_Genet,369,43,11.6531
Theor_Biol_Med_Model,599,12,2.00334
Theory_Biosci,33,1,3.0303
Ther_Adv_Cardiovasc_Dis,17,1,5.88235
Ther_Adv_Chronic_Dis,28,1,3.57143
Ther_Adv_Med_Oncol,171,26,15.2047
Ther_Adv_Neurol_Disord,141,1,0.70922
Ther_Adv_Ophthalmol,47,1,2.12766
Ther_Adv_Respir_Dis,110,1,0.909091
Ther_Adv_Urol,52,1,1.92308
Theranostics,1757,206,11.7245
Therap_Adv_Gastroenterol,184,1,0.543478
Ther_Clin_Risk_Manag,1765,5,0.283286
TH_Open,107,1,0.934579
Thorac_Cancer,837,46,5.49582
Thorax,324,7,2.16049
Thromb_Haemost,44,2,4.54545
Thromb_J,400,1,0.25
Thyroid,38,2,5.26316
Thyroid_Res,269,4,1.48699
Ticks_Tick_Borne_Dis,13,1,7.69231
Tissue_Barriers,86,2,2.32558
Tissue_Eng_Part_A,34,1,2.94118
Tob_Induc_Dis,393,3,0.763359
Tomography,158,4,2.53165
Toxicol_Appl_Pharmacol,13,2,15.3846
Toxicol_Mech_Methods,34,2,5.88235
Toxicol_Rep,715,21,2.93706
Toxicol_Res,398,12,3.01508
Toxicol_Res_(Camb),30,0,0
Toxicol_Sci,172,19,11.0465
Toxics,185,3,1.62162
Toxins_(Basel),2741,0,0
Traffic,115,11,9.56522
Transbound_Emerg_Dis,32,2,6.25
Transcription,103,7,6.79612
Transcr_Open_Access,2,1,50
Transgenic_Res,118,14,11.8644
Transl_Androl_Urol,1960,15,0.765306
Translation_(Austin),32,0,0
Transl_Neurodegener,215,6,2.7907
Transl_Neurosci,138,4,2.89855
Transl_Oncogenomics,35,2,5.71429
Transl_Oncol,636,86,13.522
Transl_Psychiatry,1725,158,9.15942
Transl_Respir_Med,16,2,12.5
Transl_Stroke_Res,70,2,2.85714
Transl_Vis_Sci_Technol,465,3,0.645161
Transplantation,100,3,3
Transplant_Direct,371,2,0.539084
Transplant_Res,80,1,1.25
Trans_R_Soc_Trop_Med_Hyg,146,2,1.36986
Tree_Physiol,23,1,4.34783
Tremor_Other_Hyperkinet_Mov_(N_Y),376,0,0
Trends_Biochem_Sci,25,1,4
Trends_Endocrinol_Metab,9,1,11.1111
Trends_Hear,259,1,0.3861
Trends_Mol_Med,11,1,9.09091
Trends_Plant_Sci,15,1,6.66667
Trials,5665,41,0.723742
Trop_Life_Sci_Res,55,2,3.63636
Trop_Med_Health,336,10,2.97619
Trop_Med_Infect_Dis,253,5,1.97628
Trop_Parasitol,292,2,0.684932
Tuberc_Respir_Dis_(Seoul),521,0,0
Tuberc_Res_Treat,149,4,2.68456
Tuberculosis_(Edinb),39,0,0
Tumour_Biol,197,21,10.6599
Turk_J_Biol,33,4,12.1212
Turk_J_Haematol,667,3,0.449775
Ulster_Med_J,5112,3,0.0586854
Ultrasonography,247,1,0.404858
United_European_Gastroenterol_J,36,4,11.1111
Ups_J_Med_Sci,497,7,1.40845
Urol_Ann,842,2,0.23753
Urol_Case_Rep,783,1,0.127714
Vaccine,442,9,2.0362
Vaccines_(Basel),341,0,0
Vasc_Cell,108,8,7.40741
Vascul_Pharmacol,24,2,8.33333
Vector_Borne_Zoonotic_Dis,43,2,4.65116
Vet_Immunol_Immunopathol,20,2,10
Vet_J,24,1,4.16667
Vet_Med_Int,390,8,2.05128
Vet_Med_Sci,133,8,6.01504
Vet_Microbiol,43,2,4.65116
Vet_Parasitol,38,3,7.89474
Vet_Parasitol_Reg_Stud_Reports,1,1,100
Vet_Rec,138,1,0.724638
Vet_Rec_Open,134,3,2.23881
Vet_Res,1124,162,14.4128
Vet_Res_Commun,27,3,11.1111
Vet_Res_Forum,394,13,3.29949
Vet_Sci,273,8,2.9304
Vet_World,1111,41,3.69037
Virchows_Arch,171,6,3.50877
Virol_J,3559,535,15.0323
Virology,66,10,15.1515
Virology_(Auckl),24,0,0
Virulence,468,42,8.97436
Viruses,3291,342,10.392
Virus_Evol,279,32,11.4695
Virus_Genes,46,7,15.2174
Virus_Res,22,3,13.6364
Waste_Manag,9,1,11.1111
Water_Air_Soil_Pollut,201,2,0.995025
Water_Res_X,27,1,3.7037
Wellcome_Open_Res,331,40,12.0846
Western_Pac_Surveill_Response_J,61,2,3.27869
West_J_Emerg_Med,1751,1,0.0571102
Wiley_Interdiscip_Rev_RNA,44,3,6.81818
Wiley_Interdiscip_Rev_Syst_Biol_Med,24,2,8.33333
World_Allergy_Organ_J,1630,2,0.122699
World_J_Biol_Chem,26,1,3.84615
World_J_Cardiol,180,2,1.11111
World_J_Clin_Oncol,105,5,4.7619
World_J_Diabetes,142,1,0.704225
World_J_Emerg_Surg,659,1,0.151745
World_J_Gastroenterol,1973,92,4.66295
World_J_Gastrointest_Oncol,181,12,6.62983
World_J_Gastrointest_Pharmacol_Ther,56,1,1.78571
World_J_Hepatol,369,4,1.08401
World_J_Microbiol_Biotechnol,76,7,9.21053
World_J_Oncol,391,3,0.767263
World_J_Otorhinolaryngol_Head_Neck_Surg,146,2,1.36986
World_J_Plast_Surg,316,1,0.316456
World_J_Stem_Cells,80,3,3.75
World_J_Surg,329,2,0.607903
World_J_Surg_Oncol,3170,51,1.60883
World_J_Urol,149,3,2.01342
World_J_Virol,17,1,5.88235
Worm,120,2,1.66667
Xenotransplantation,10,4,40
Yale_J_Biol_Med,7736,3,0.0387797
Yearb_Med_Inform,38,1,2.63158
Yeast,88,5,5.68182
Yonsei_Med_J,2662,31,1.16454
Zdr_Varst,159,1,0.628931
Zebrafish,25,2,8
Zoo_Biol,2,1,50
Zookeys,4457,67,1.50325
Zool_J_Linn_Soc,9,1,11.1111
Zoological_Lett,136,15,11.0294
Zool_Res,117,3,2.5641
Zygote,5,1,20
